timestamp,gram,status_text,status_num
2025-12-28 22:02:17,0.5 gr,BELUM TERSEDIA,1
2025-12-28 22:02:17,1 gr,BELUM TERSEDIA,1
2025-12-28 22:02:17,2 gr,BELUM TERSEDIA,1
2025-12-28 22:02:17,3 gr,BELUM TERSEDIA,1
2025-12-28 22:02:17,5 gr,BELUM TERSEDIA,1
2025-12-28 22:02:17,10 gr,BELUM TERSEDIA,1
2025-12-28 22:03:36,0.5 gr,BELUM TERSEDIA,1
2025-12-28 22:03:36,1 gr,BELUM TERSEDIA,1
2025-12-28 22:03:36,2 gr,BELUM TERSEDIA,1
2025-12-28 22:03:36,3 gr,BELUM TERSEDIA,1
2025-12-28 22:03:36,5 gr,BELUM TERSEDIA,1
2025-12-28 22:03:36,10 gr,BELUM TERSEDIA,1
2025-12-28 22:04:53,0.5 gr,BELUM TERSEDIA,1
2025-12-28 22:04:53,1 gr,BELUM TERSEDIA,1
2025-12-28 22:04:53,2 gr,BELUM TERSEDIA,1
2025-12-28 22:04:53,3 gr,BELUM TERSEDIA,1
2025-12-28 22:04:53,5 gr,BELUM TERSEDIA,1
2025-12-28 22:04:53,10 gr,BELUM TERSEDIA,1
2025-12-28 22:06:10,0.5 gr,BELUM TERSEDIA,1
2025-12-28 22:06:10,1 gr,BELUM TERSEDIA,1
2025-12-28 22:06:10,2 gr,BELUM TERSEDIA,1
2025-12-28 22:06:10,3 gr,BELUM TERSEDIA,1
2025-12-28 22:06:10,5 gr,BELUM TERSEDIA,1
2025-12-28 22:06:10,10 gr,BELUM TERSEDIA,1
2025-12-28 22:14:52,0.5 gr,BELUM TERSEDIA,1
2025-12-28 22:14:52,1 gr,BELUM TERSEDIA,1
2025-12-28 22:14:52,2 gr,BELUM TERSEDIA,1
2025-12-28 22:14:52,3 gr,BELUM TERSEDIA,1
2025-12-28 22:14:52,5 gr,BELUM TERSEDIA,1
2025-12-28 22:14:52,10 gr,BELUM TERSEDIA,1
2025-12-28 22:16:27,0.5 gr,BELUM TERSEDIA,1
2025-12-28 22:16:27,1 gr,BELUM TERSEDIA,1
2025-12-28 22:16:27,2 gr,BELUM TERSEDIA,1
2025-12-28 22:16:27,3 gr,BELUM TERSEDIA,1
2025-12-28 22:16:27,5 gr,BELUM TERSEDIA,1
2025-12-28 22:16:27,10 gr,BELUM TERSEDIA,1
2025-12-28 22:18:04,0.5 gr,BELUM TERSEDIA,1
2025-12-28 22:19:03,0.5 gr,BELUM TERSEDIA,1
2025-12-28 22:19:03,1 gr,BELUM TERSEDIA,1
2025-12-28 22:19:03,2 gr,BELUM TERSEDIA,1
2025-12-28 22:19:03,3 gr,BELUM TERSEDIA,1
2025-12-28 22:19:03,5 gr,BELUM TERSEDIA,1
2025-12-28 22:19:03,10 gr,BELUM TERSEDIA,1
2025-12-28 22:20:20,0.5 gr,BELUM TERSEDIA,1
2025-12-28 22:20:20,1 gr,BELUM TERSEDIA,1
2025-12-28 22:20:20,2 gr,BELUM TERSEDIA,1
2025-12-28 22:20:20,3 gr,BELUM TERSEDIA,1
2025-12-28 22:20:20,5 gr,BELUM TERSEDIA,1
2025-12-28 22:20:20,10 gr,BELUM TERSEDIA,1
2025-12-28 22:21:38,0.5 gr,BELUM TERSEDIA,1
2025-12-28 22:21:38,1 gr,BELUM TERSEDIA,1
2025-12-28 22:21:38,2 gr,BELUM TERSEDIA,1
2025-12-28 22:21:38,3 gr,BELUM TERSEDIA,1
2025-12-28 22:21:38,5 gr,BELUM TERSEDIA,1
2025-12-28 22:21:38,10 gr,BELUM TERSEDIA,1
2025-12-29 06:10:24,0.5 gr,BELUM TERSEDIA,1
2025-12-29 06:10:24,1 gr,BELUM TERSEDIA,1
2025-12-29 06:10:24,2 gr,BELUM TERSEDIA,1
2025-12-29 06:10:24,3 gr,BELUM TERSEDIA,1
2025-12-29 06:10:24,5 gr,BELUM TERSEDIA,1
2025-12-29 06:10:24,10 gr,BELUM TERSEDIA,1
2025-12-29 06:11:46,0.5 gr,BELUM TERSEDIA,1
2025-12-29 06:11:46,1 gr,BELUM TERSEDIA,1
2025-12-29 06:11:46,2 gr,BELUM TERSEDIA,1
2025-12-29 06:11:46,3 gr,BELUM TERSEDIA,1
2025-12-29 06:11:46,5 gr,BELUM TERSEDIA,1
2025-12-29 06:11:46,10 gr,BELUM TERSEDIA,1
2025-12-29 06:13:04,0.5 gr,BELUM TERSEDIA,1
2025-12-29 06:13:04,1 gr,BELUM TERSEDIA,1
2025-12-29 06:13:04,2 gr,BELUM TERSEDIA,1
2025-12-29 06:13:04,3 gr,BELUM TERSEDIA,1
2025-12-29 06:13:04,5 gr,BELUM TERSEDIA,1
2025-12-29 06:13:04,10 gr,BELUM TERSEDIA,1
2025-12-29 06:14:21,0.5 gr,BELUM TERSEDIA,1
2025-12-29 06:14:21,1 gr,BELUM TERSEDIA,1
2025-12-29 06:14:21,2 gr,BELUM TERSEDIA,1
2025-12-29 06:14:21,3 gr,BELUM TERSEDIA,1
2025-12-29 06:14:21,5 gr,BELUM TERSEDIA,1
2025-12-29 06:14:21,10 gr,BELUM TERSEDIA,1
2025-12-29 06:15:42,0.5 gr,BELUM TERSEDIA,1
2025-12-29 06:15:42,1 gr,BELUM TERSEDIA,1
2025-12-29 06:15:42,2 gr,BELUM TERSEDIA,1
2025-12-29 06:15:42,3 gr,BELUM TERSEDIA,1
2025-12-29 06:15:42,5 gr,BELUM TERSEDIA,1
2025-12-29 06:15:42,10 gr,BELUM TERSEDIA,1
2025-12-29 06:17:02,0.5 gr,BELUM TERSEDIA,1
2025-12-29 06:17:02,1 gr,BELUM TERSEDIA,1
2025-12-29 06:17:02,2 gr,BELUM TERSEDIA,1
2025-12-29 06:17:02,3 gr,BELUM TERSEDIA,1
2025-12-29 06:17:02,5 gr,BELUM TERSEDIA,1
2025-12-29 06:17:02,10 gr,BELUM TERSEDIA,1
2025-12-29 06:18:24,0.5 gr,BELUM TERSEDIA,1
2025-12-29 06:18:24,1 gr,BELUM TERSEDIA,1
2025-12-29 06:18:24,2 gr,BELUM TERSEDIA,1
2025-12-29 06:18:24,3 gr,BELUM TERSEDIA,1
2025-12-29 06:18:24,5 gr,BELUM TERSEDIA,1
2025-12-29 06:18:24,10 gr,BELUM TERSEDIA,1
2025-12-29 06:19:47,0.5 gr,BELUM TERSEDIA,1
2025-12-29 06:19:47,1 gr,BELUM TERSEDIA,1
2025-12-29 06:19:47,2 gr,BELUM TERSEDIA,1
2025-12-29 06:19:47,3 gr,BELUM TERSEDIA,1
2025-12-29 06:19:47,5 gr,BELUM TERSEDIA,1
2025-12-29 06:19:47,10 gr,BELUM TERSEDIA,1
2025-12-29 06:21:07,0.5 gr,BELUM TERSEDIA,1
2025-12-29 06:21:07,1 gr,BELUM TERSEDIA,1
2025-12-29 06:21:07,2 gr,BELUM TERSEDIA,1
2025-12-29 06:21:07,3 gr,BELUM TERSEDIA,1
2025-12-29 06:21:07,5 gr,BELUM TERSEDIA,1
2025-12-29 06:21:07,10 gr,BELUM TERSEDIA,1
2025-12-29 06:22:30,0.5 gr,BELUM TERSEDIA,1
2025-12-29 06:22:30,1 gr,BELUM TERSEDIA,1
2025-12-29 06:22:30,2 gr,BELUM TERSEDIA,1
2025-12-29 06:22:30,3 gr,BELUM TERSEDIA,1
2025-12-29 06:22:30,5 gr,BELUM TERSEDIA,1
2025-12-29 06:22:30,10 gr,BELUM TERSEDIA,1
2025-12-29 06:23:50,0.5 gr,BELUM TERSEDIA,1
2025-12-29 06:23:50,1 gr,BELUM TERSEDIA,1
2025-12-29 06:23:50,2 gr,BELUM TERSEDIA,1
2025-12-29 06:23:50,3 gr,BELUM TERSEDIA,1
2025-12-29 06:23:50,5 gr,BELUM TERSEDIA,1
2025-12-29 06:23:50,10 gr,BELUM TERSEDIA,1
2025-12-29 06:25:09,0.5 gr,BELUM TERSEDIA,1
2025-12-29 06:25:09,1 gr,BELUM TERSEDIA,1
2025-12-29 06:25:09,2 gr,BELUM TERSEDIA,1
2025-12-29 06:25:09,3 gr,BELUM TERSEDIA,1
2025-12-29 06:25:09,5 gr,BELUM TERSEDIA,1
2025-12-29 06:25:09,10 gr,BELUM TERSEDIA,1
2025-12-29 06:26:30,0.5 gr,BELUM TERSEDIA,1
2025-12-29 06:26:30,1 gr,BELUM TERSEDIA,1
2025-12-29 06:26:30,2 gr,BELUM TERSEDIA,1
2025-12-29 06:26:30,3 gr,BELUM TERSEDIA,1
2025-12-29 06:26:30,5 gr,BELUM TERSEDIA,1
2025-12-29 06:26:30,10 gr,BELUM TERSEDIA,1
2025-12-29 06:27:54,0.5 gr,BELUM TERSEDIA,1
2025-12-29 06:27:54,1 gr,BELUM TERSEDIA,1
2025-12-29 06:27:54,2 gr,BELUM TERSEDIA,1
2025-12-29 06:27:54,3 gr,BELUM TERSEDIA,1
2025-12-29 06:27:54,5 gr,BELUM TERSEDIA,1
2025-12-29 06:27:54,10 gr,BELUM TERSEDIA,1
2025-12-29 06:29:15,0.5 gr,BELUM TERSEDIA,1
2025-12-29 06:29:15,1 gr,BELUM TERSEDIA,1
2025-12-29 06:29:15,2 gr,BELUM TERSEDIA,1
2025-12-29 06:29:15,3 gr,BELUM TERSEDIA,1
2025-12-29 06:29:15,5 gr,BELUM TERSEDIA,1
2025-12-29 06:29:15,10 gr,BELUM TERSEDIA,1
2025-12-29 06:30:36,0.5 gr,BELUM TERSEDIA,1
2025-12-29 06:30:36,1 gr,BELUM TERSEDIA,1
2025-12-29 06:30:36,2 gr,BELUM TERSEDIA,1
2025-12-29 06:30:36,3 gr,BELUM TERSEDIA,1
2025-12-29 06:30:36,5 gr,BELUM TERSEDIA,1
2025-12-29 06:30:36,10 gr,BELUM TERSEDIA,1
2025-12-29 06:31:59,0.5 gr,BELUM TERSEDIA,1
2025-12-29 06:31:59,1 gr,BELUM TERSEDIA,1
2025-12-29 06:31:59,2 gr,BELUM TERSEDIA,1
2025-12-29 06:31:59,3 gr,BELUM TERSEDIA,1
2025-12-29 06:31:59,5 gr,BELUM TERSEDIA,1
2025-12-29 06:31:59,10 gr,BELUM TERSEDIA,1
2025-12-29 06:33:19,0.5 gr,BELUM TERSEDIA,1
2025-12-29 06:33:19,1 gr,BELUM TERSEDIA,1
2025-12-29 06:33:19,2 gr,BELUM TERSEDIA,1
2025-12-29 06:33:19,3 gr,BELUM TERSEDIA,1
2025-12-29 06:33:19,5 gr,BELUM TERSEDIA,1
2025-12-29 06:33:19,10 gr,BELUM TERSEDIA,1
2025-12-29 06:34:40,0.5 gr,BELUM TERSEDIA,1
2025-12-29 06:34:40,1 gr,BELUM TERSEDIA,1
2025-12-29 06:34:40,2 gr,BELUM TERSEDIA,1
2025-12-29 06:34:40,3 gr,BELUM TERSEDIA,1
2025-12-29 06:34:40,5 gr,BELUM TERSEDIA,1
2025-12-29 06:34:40,10 gr,BELUM TERSEDIA,1
2025-12-29 06:35:59,0.5 gr,BELUM TERSEDIA,1
2025-12-29 06:35:59,1 gr,BELUM TERSEDIA,1
2025-12-29 06:35:59,2 gr,BELUM TERSEDIA,1
2025-12-29 06:35:59,3 gr,BELUM TERSEDIA,1
2025-12-29 06:35:59,5 gr,BELUM TERSEDIA,1
2025-12-29 06:35:59,10 gr,BELUM TERSEDIA,1
2025-12-29 06:37:18,0.5 gr,BELUM TERSEDIA,1
2025-12-29 06:37:18,1 gr,BELUM TERSEDIA,1
2025-12-29 06:37:18,2 gr,BELUM TERSEDIA,1
2025-12-29 06:37:18,3 gr,BELUM TERSEDIA,1
2025-12-29 06:37:18,5 gr,BELUM TERSEDIA,1
2025-12-29 06:37:18,10 gr,BELUM TERSEDIA,1
2025-12-29 06:38:36,0.5 gr,BELUM TERSEDIA,1
2025-12-29 06:38:36,1 gr,BELUM TERSEDIA,1
2025-12-29 06:38:36,2 gr,BELUM TERSEDIA,1
2025-12-29 06:38:36,3 gr,BELUM TERSEDIA,1
2025-12-29 06:38:36,5 gr,BELUM TERSEDIA,1
2025-12-29 06:38:36,10 gr,BELUM TERSEDIA,1
2025-12-29 06:39:54,0.5 gr,BELUM TERSEDIA,1
2025-12-29 06:39:54,1 gr,BELUM TERSEDIA,1
2025-12-29 06:39:54,2 gr,BELUM TERSEDIA,1
2025-12-29 06:39:54,3 gr,BELUM TERSEDIA,1
2025-12-29 06:39:54,5 gr,BELUM TERSEDIA,1
2025-12-29 06:39:54,10 gr,BELUM TERSEDIA,1
2025-12-29 06:41:12,0.5 gr,BELUM TERSEDIA,1
2025-12-29 06:41:12,1 gr,BELUM TERSEDIA,1
2025-12-29 06:41:12,2 gr,BELUM TERSEDIA,1
2025-12-29 06:41:12,3 gr,BELUM TERSEDIA,1
2025-12-29 06:41:12,5 gr,BELUM TERSEDIA,1
2025-12-29 06:41:12,10 gr,BELUM TERSEDIA,1
2025-12-29 06:42:30,0.5 gr,BELUM TERSEDIA,1
2025-12-29 06:42:30,1 gr,BELUM TERSEDIA,1
2025-12-29 06:42:30,2 gr,BELUM TERSEDIA,1
2025-12-29 06:42:30,3 gr,BELUM TERSEDIA,1
2025-12-29 06:42:30,5 gr,BELUM TERSEDIA,1
2025-12-29 06:42:30,10 gr,BELUM TERSEDIA,1
2025-12-29 06:43:48,0.5 gr,BELUM TERSEDIA,1
2025-12-29 06:43:48,1 gr,BELUM TERSEDIA,1
2025-12-29 06:43:48,2 gr,BELUM TERSEDIA,1
2025-12-29 06:43:48,3 gr,BELUM TERSEDIA,1
2025-12-29 06:43:48,5 gr,BELUM TERSEDIA,1
2025-12-29 06:43:48,10 gr,BELUM TERSEDIA,1
2025-12-29 06:45:08,0.5 gr,BELUM TERSEDIA,1
2025-12-29 06:45:08,1 gr,BELUM TERSEDIA,1
2025-12-29 06:45:08,2 gr,BELUM TERSEDIA,1
2025-12-29 06:45:08,3 gr,BELUM TERSEDIA,1
2025-12-29 06:45:08,5 gr,BELUM TERSEDIA,1
2025-12-29 06:45:08,10 gr,BELUM TERSEDIA,1
2025-12-29 06:46:26,0.5 gr,BELUM TERSEDIA,1
2025-12-29 06:46:26,1 gr,BELUM TERSEDIA,1
2025-12-29 06:46:26,2 gr,BELUM TERSEDIA,1
2025-12-29 06:46:26,3 gr,BELUM TERSEDIA,1
2025-12-29 06:46:26,5 gr,BELUM TERSEDIA,1
2025-12-29 06:46:26,10 gr,BELUM TERSEDIA,1
2025-12-29 06:47:44,0.5 gr,BELUM TERSEDIA,1
2025-12-29 06:47:44,1 gr,BELUM TERSEDIA,1
2025-12-29 06:47:44,2 gr,BELUM TERSEDIA,1
2025-12-29 06:47:44,3 gr,BELUM TERSEDIA,1
2025-12-29 06:47:44,5 gr,BELUM TERSEDIA,1
2025-12-29 06:47:44,10 gr,BELUM TERSEDIA,1
2025-12-29 06:49:04,0.5 gr,BELUM TERSEDIA,1
2025-12-29 06:49:04,1 gr,BELUM TERSEDIA,1
2025-12-29 06:49:04,2 gr,BELUM TERSEDIA,1
2025-12-29 06:49:04,3 gr,BELUM TERSEDIA,1
2025-12-29 06:49:04,5 gr,BELUM TERSEDIA,1
2025-12-29 06:49:04,10 gr,BELUM TERSEDIA,1
2025-12-29 06:50:22,0.5 gr,BELUM TERSEDIA,1
2025-12-29 06:50:22,1 gr,BELUM TERSEDIA,1
2025-12-29 06:50:22,2 gr,BELUM TERSEDIA,1
2025-12-29 06:50:22,3 gr,BELUM TERSEDIA,1
2025-12-29 06:50:22,5 gr,BELUM TERSEDIA,1
2025-12-29 06:50:22,10 gr,BELUM TERSEDIA,1
2025-12-29 06:51:46,0.5 gr,BELUM TERSEDIA,1
2025-12-29 06:51:46,1 gr,BELUM TERSEDIA,1
2025-12-29 06:51:46,2 gr,BELUM TERSEDIA,1
2025-12-29 06:51:46,3 gr,BELUM TERSEDIA,1
2025-12-29 06:51:46,5 gr,BELUM TERSEDIA,1
2025-12-29 06:51:46,10 gr,BELUM TERSEDIA,1
2025-12-29 06:53:04,0.5 gr,BELUM TERSEDIA,1
2025-12-29 06:53:04,1 gr,BELUM TERSEDIA,1
2025-12-29 06:53:04,2 gr,BELUM TERSEDIA,1
2025-12-29 06:53:04,3 gr,BELUM TERSEDIA,1
2025-12-29 06:53:04,5 gr,BELUM TERSEDIA,1
2025-12-29 06:53:04,10 gr,BELUM TERSEDIA,1
2025-12-29 06:54:25,0.5 gr,BELUM TERSEDIA,1
2025-12-29 06:54:25,1 gr,BELUM TERSEDIA,1
2025-12-29 06:54:25,2 gr,BELUM TERSEDIA,1
2025-12-29 06:54:25,3 gr,BELUM TERSEDIA,1
2025-12-29 06:54:25,5 gr,BELUM TERSEDIA,1
2025-12-29 06:54:25,10 gr,BELUM TERSEDIA,1
2025-12-29 06:55:43,0.5 gr,BELUM TERSEDIA,1
2025-12-29 06:55:43,1 gr,BELUM TERSEDIA,1
2025-12-29 06:55:43,2 gr,BELUM TERSEDIA,1
2025-12-29 06:55:43,3 gr,BELUM TERSEDIA,1
2025-12-29 06:55:43,5 gr,BELUM TERSEDIA,1
2025-12-29 06:55:43,10 gr,BELUM TERSEDIA,1
2025-12-29 06:57:02,0.5 gr,BELUM TERSEDIA,1
2025-12-29 06:57:02,1 gr,BELUM TERSEDIA,1
2025-12-29 06:57:02,2 gr,BELUM TERSEDIA,1
2025-12-29 06:57:02,3 gr,BELUM TERSEDIA,1
2025-12-29 06:57:02,5 gr,BELUM TERSEDIA,1
2025-12-29 06:57:02,10 gr,BELUM TERSEDIA,1
2025-12-29 06:58:20,0.5 gr,BELUM TERSEDIA,1
2025-12-29 06:58:20,1 gr,BELUM TERSEDIA,1
2025-12-29 06:58:20,2 gr,BELUM TERSEDIA,1
2025-12-29 06:58:20,3 gr,BELUM TERSEDIA,1
2025-12-29 06:58:20,5 gr,BELUM TERSEDIA,1
2025-12-29 06:58:20,10 gr,BELUM TERSEDIA,1
2025-12-29 06:59:39,0.5 gr,BELUM TERSEDIA,1
2025-12-29 06:59:39,1 gr,BELUM TERSEDIA,1
2025-12-29 06:59:39,2 gr,BELUM TERSEDIA,1
2025-12-29 06:59:39,3 gr,BELUM TERSEDIA,1
2025-12-29 06:59:39,5 gr,BELUM TERSEDIA,1
2025-12-29 06:59:39,10 gr,BELUM TERSEDIA,1
2025-12-29 07:00:57,0.5 gr,BELUM TERSEDIA,1
2025-12-29 07:00:57,1 gr,BELUM TERSEDIA,1
2025-12-29 07:00:57,2 gr,BELUM TERSEDIA,1
2025-12-29 07:00:57,3 gr,BELUM TERSEDIA,1
2025-12-29 07:00:57,5 gr,BELUM TERSEDIA,1
2025-12-29 07:00:57,10 gr,BELUM TERSEDIA,1
2025-12-29 07:02:18,0.5 gr,BELUM TERSEDIA,1
2025-12-29 07:02:18,1 gr,BELUM TERSEDIA,1
2025-12-29 07:02:18,2 gr,BELUM TERSEDIA,1
2025-12-29 07:02:18,3 gr,BELUM TERSEDIA,1
2025-12-29 07:02:18,5 gr,BELUM TERSEDIA,1
2025-12-29 07:02:18,10 gr,BELUM TERSEDIA,1
2025-12-29 07:03:37,0.5 gr,BELUM TERSEDIA,1
2025-12-29 07:03:37,1 gr,BELUM TERSEDIA,1
2025-12-29 07:03:37,2 gr,BELUM TERSEDIA,1
2025-12-29 07:03:37,3 gr,BELUM TERSEDIA,1
2025-12-29 07:03:37,5 gr,BELUM TERSEDIA,1
2025-12-29 07:03:37,10 gr,BELUM TERSEDIA,1
2025-12-29 07:04:56,0.5 gr,BELUM TERSEDIA,1
2025-12-29 07:04:56,1 gr,BELUM TERSEDIA,1
2025-12-29 07:04:56,2 gr,BELUM TERSEDIA,1
2025-12-29 07:04:56,3 gr,BELUM TERSEDIA,1
2025-12-29 07:04:56,5 gr,BELUM TERSEDIA,1
2025-12-29 07:04:56,10 gr,BELUM TERSEDIA,1
2025-12-29 07:06:14,0.5 gr,BELUM TERSEDIA,1
2025-12-29 07:06:14,1 gr,BELUM TERSEDIA,1
2025-12-29 07:06:14,2 gr,BELUM TERSEDIA,1
2025-12-29 07:06:14,3 gr,BELUM TERSEDIA,1
2025-12-29 07:06:14,5 gr,BELUM TERSEDIA,1
2025-12-29 07:06:14,10 gr,BELUM TERSEDIA,1
2025-12-29 07:07:32,0.5 gr,BELUM TERSEDIA,1
2025-12-29 07:07:32,1 gr,BELUM TERSEDIA,1
2025-12-29 07:07:32,2 gr,BELUM TERSEDIA,1
2025-12-29 07:07:32,3 gr,BELUM TERSEDIA,1
2025-12-29 07:07:32,5 gr,BELUM TERSEDIA,1
2025-12-29 07:07:32,10 gr,BELUM TERSEDIA,1
2025-12-29 07:08:52,0.5 gr,BELUM TERSEDIA,1
2025-12-29 07:08:52,1 gr,BELUM TERSEDIA,1
2025-12-29 07:08:52,2 gr,BELUM TERSEDIA,1
2025-12-29 07:08:52,3 gr,BELUM TERSEDIA,1
2025-12-29 07:08:52,5 gr,BELUM TERSEDIA,1
2025-12-29 07:08:52,10 gr,BELUM TERSEDIA,1
2025-12-29 07:10:15,0.5 gr,BELUM TERSEDIA,1
2025-12-29 07:10:15,1 gr,BELUM TERSEDIA,1
2025-12-29 07:10:15,2 gr,BELUM TERSEDIA,1
2025-12-29 07:10:15,3 gr,BELUM TERSEDIA,1
2025-12-29 07:10:15,5 gr,BELUM TERSEDIA,1
2025-12-29 07:10:15,10 gr,BELUM TERSEDIA,1
2025-12-29 07:11:39,0.5 gr,BELUM TERSEDIA,1
2025-12-29 07:11:39,1 gr,BELUM TERSEDIA,1
2025-12-29 07:11:39,2 gr,BELUM TERSEDIA,1
2025-12-29 07:11:39,3 gr,BELUM TERSEDIA,1
2025-12-29 07:11:39,5 gr,BELUM TERSEDIA,1
2025-12-29 07:11:39,10 gr,BELUM TERSEDIA,1
2025-12-29 07:13:05,0.5 gr,BELUM TERSEDIA,1
2025-12-29 07:13:05,1 gr,BELUM TERSEDIA,1
2025-12-29 07:13:05,2 gr,BELUM TERSEDIA,1
2025-12-29 07:13:05,3 gr,BELUM TERSEDIA,1
2025-12-29 07:13:05,5 gr,BELUM TERSEDIA,1
2025-12-29 07:13:05,10 gr,BELUM TERSEDIA,1
2025-12-29 07:14:25,0.5 gr,BELUM TERSEDIA,1
2025-12-29 07:14:25,1 gr,BELUM TERSEDIA,1
2025-12-29 07:14:25,2 gr,BELUM TERSEDIA,1
2025-12-29 07:14:25,3 gr,BELUM TERSEDIA,1
2025-12-29 07:14:25,5 gr,BELUM TERSEDIA,1
2025-12-29 07:14:25,10 gr,BELUM TERSEDIA,1
2025-12-29 07:15:49,0.5 gr,BELUM TERSEDIA,1
2025-12-29 07:15:49,1 gr,BELUM TERSEDIA,1
2025-12-29 07:15:49,2 gr,BELUM TERSEDIA,1
2025-12-29 07:15:49,3 gr,BELUM TERSEDIA,1
2025-12-29 07:15:49,5 gr,BELUM TERSEDIA,1
2025-12-29 07:15:49,10 gr,BELUM TERSEDIA,1
2025-12-29 07:17:10,0.5 gr,BELUM TERSEDIA,1
2025-12-29 07:17:10,1 gr,BELUM TERSEDIA,1
2025-12-29 07:17:10,2 gr,BELUM TERSEDIA,1
2025-12-29 07:17:10,3 gr,BELUM TERSEDIA,1
2025-12-29 07:17:10,5 gr,BELUM TERSEDIA,1
2025-12-29 07:17:10,10 gr,BELUM TERSEDIA,1
2025-12-29 07:18:35,0.5 gr,BELUM TERSEDIA,1
2025-12-29 07:18:35,1 gr,BELUM TERSEDIA,1
2025-12-29 07:18:35,2 gr,BELUM TERSEDIA,1
2025-12-29 07:18:35,3 gr,BELUM TERSEDIA,1
2025-12-29 07:18:35,5 gr,BELUM TERSEDIA,1
2025-12-29 07:18:35,10 gr,BELUM TERSEDIA,1
2025-12-29 07:19:57,0.5 gr,BELUM TERSEDIA,1
2025-12-29 07:19:57,1 gr,BELUM TERSEDIA,1
2025-12-29 07:19:57,2 gr,BELUM TERSEDIA,1
2025-12-29 07:19:57,3 gr,BELUM TERSEDIA,1
2025-12-29 07:19:57,5 gr,BELUM TERSEDIA,1
2025-12-29 07:19:57,10 gr,BELUM TERSEDIA,1
2025-12-29 07:21:19,0.5 gr,BELUM TERSEDIA,1
2025-12-29 07:21:19,1 gr,BELUM TERSEDIA,1
2025-12-29 07:21:19,2 gr,BELUM TERSEDIA,1
2025-12-29 07:21:19,3 gr,BELUM TERSEDIA,1
2025-12-29 07:21:19,5 gr,BELUM TERSEDIA,1
2025-12-29 07:21:19,10 gr,BELUM TERSEDIA,1
2025-12-29 07:22:42,0.5 gr,BELUM TERSEDIA,1
2025-12-29 07:22:42,1 gr,BELUM TERSEDIA,1
2025-12-29 07:22:42,2 gr,BELUM TERSEDIA,1
2025-12-29 07:22:42,3 gr,BELUM TERSEDIA,1
2025-12-29 07:22:42,5 gr,BELUM TERSEDIA,1
2025-12-29 07:22:42,10 gr,BELUM TERSEDIA,1
2025-12-29 07:24:04,0.5 gr,BELUM TERSEDIA,1
2025-12-29 07:24:04,1 gr,BELUM TERSEDIA,1
2025-12-29 07:24:04,2 gr,BELUM TERSEDIA,1
2025-12-29 07:24:04,3 gr,BELUM TERSEDIA,1
2025-12-29 07:24:04,5 gr,BELUM TERSEDIA,1
2025-12-29 07:24:04,10 gr,BELUM TERSEDIA,1
2025-12-29 07:25:28,0.5 gr,BELUM TERSEDIA,1
2025-12-29 07:25:28,1 gr,BELUM TERSEDIA,1
2025-12-29 07:25:28,2 gr,BELUM TERSEDIA,1
2025-12-29 07:25:28,3 gr,BELUM TERSEDIA,1
2025-12-29 07:25:28,5 gr,BELUM TERSEDIA,1
2025-12-29 07:25:28,10 gr,BELUM TERSEDIA,1
2025-12-29 07:26:51,0.5 gr,BELUM TERSEDIA,1
2025-12-29 07:26:51,1 gr,BELUM TERSEDIA,1
2025-12-29 07:26:51,2 gr,BELUM TERSEDIA,1
2025-12-29 07:26:51,3 gr,BELUM TERSEDIA,1
2025-12-29 07:26:51,5 gr,BELUM TERSEDIA,1
2025-12-29 07:26:51,10 gr,BELUM TERSEDIA,1
2025-12-29 07:28:12,0.5 gr,BELUM TERSEDIA,1
2025-12-29 07:28:12,1 gr,BELUM TERSEDIA,1
2025-12-29 07:28:12,2 gr,BELUM TERSEDIA,1
2025-12-29 07:28:12,3 gr,BELUM TERSEDIA,1
2025-12-29 07:28:12,5 gr,BELUM TERSEDIA,1
2025-12-29 07:28:12,10 gr,BELUM TERSEDIA,1
2025-12-29 07:29:32,0.5 gr,BELUM TERSEDIA,1
2025-12-29 07:29:32,1 gr,BELUM TERSEDIA,1
2025-12-29 07:29:32,2 gr,BELUM TERSEDIA,1
2025-12-29 07:29:32,3 gr,BELUM TERSEDIA,1
2025-12-29 07:29:32,5 gr,BELUM TERSEDIA,1
2025-12-29 07:29:32,10 gr,BELUM TERSEDIA,1
2025-12-29 07:30:52,0.5 gr,BELUM TERSEDIA,1
2025-12-29 07:30:52,1 gr,BELUM TERSEDIA,1
2025-12-29 07:30:52,2 gr,BELUM TERSEDIA,1
2025-12-29 07:30:52,3 gr,BELUM TERSEDIA,1
2025-12-29 07:30:52,5 gr,BELUM TERSEDIA,1
2025-12-29 07:30:52,10 gr,BELUM TERSEDIA,1
2025-12-29 07:32:15,0.5 gr,BELUM TERSEDIA,1
2025-12-29 07:32:15,1 gr,BELUM TERSEDIA,1
2025-12-29 07:32:15,2 gr,BELUM TERSEDIA,1
2025-12-29 07:32:15,3 gr,BELUM TERSEDIA,1
2025-12-29 07:32:15,5 gr,BELUM TERSEDIA,1
2025-12-29 07:32:15,10 gr,BELUM TERSEDIA,1
2025-12-29 07:33:38,0.5 gr,BELUM TERSEDIA,1
2025-12-29 07:33:38,1 gr,BELUM TERSEDIA,1
2025-12-29 07:33:38,2 gr,BELUM TERSEDIA,1
2025-12-29 07:33:38,3 gr,BELUM TERSEDIA,1
2025-12-29 07:33:38,5 gr,BELUM TERSEDIA,1
2025-12-29 07:33:38,10 gr,BELUM TERSEDIA,1
2025-12-29 07:35:01,0.5 gr,BELUM TERSEDIA,1
2025-12-29 07:35:01,1 gr,BELUM TERSEDIA,1
2025-12-29 07:35:01,2 gr,BELUM TERSEDIA,1
2025-12-29 07:35:01,3 gr,BELUM TERSEDIA,1
2025-12-29 07:35:01,5 gr,BELUM TERSEDIA,1
2025-12-29 07:35:01,10 gr,BELUM TERSEDIA,1
2025-12-29 07:36:23,0.5 gr,BELUM TERSEDIA,1
2025-12-29 07:36:23,1 gr,BELUM TERSEDIA,1
2025-12-29 07:36:23,2 gr,BELUM TERSEDIA,1
2025-12-29 07:36:23,3 gr,BELUM TERSEDIA,1
2025-12-29 07:36:23,5 gr,BELUM TERSEDIA,1
2025-12-29 07:36:23,10 gr,BELUM TERSEDIA,1
2025-12-29 07:37:48,0.5 gr,BELUM TERSEDIA,1
2025-12-29 07:37:48,1 gr,BELUM TERSEDIA,1
2025-12-29 07:37:48,2 gr,BELUM TERSEDIA,1
2025-12-29 07:37:48,3 gr,BELUM TERSEDIA,1
2025-12-29 07:37:48,5 gr,BELUM TERSEDIA,1
2025-12-29 07:37:48,10 gr,BELUM TERSEDIA,1
2025-12-29 07:39:09,0.5 gr,BELUM TERSEDIA,1
2025-12-29 07:39:09,1 gr,BELUM TERSEDIA,1
2025-12-29 07:39:09,2 gr,BELUM TERSEDIA,1
2025-12-29 07:39:09,3 gr,BELUM TERSEDIA,1
2025-12-29 07:39:09,5 gr,BELUM TERSEDIA,1
2025-12-29 07:39:09,10 gr,BELUM TERSEDIA,1
2025-12-29 07:40:31,0.5 gr,BELUM TERSEDIA,1
2025-12-29 07:40:31,1 gr,BELUM TERSEDIA,1
2025-12-29 07:40:31,2 gr,BELUM TERSEDIA,1
2025-12-29 07:40:31,3 gr,BELUM TERSEDIA,1
2025-12-29 07:40:31,5 gr,BELUM TERSEDIA,1
2025-12-29 07:40:31,10 gr,BELUM TERSEDIA,1
2025-12-29 07:41:52,0.5 gr,BELUM TERSEDIA,1
2025-12-29 07:41:52,1 gr,BELUM TERSEDIA,1
2025-12-29 07:41:52,2 gr,BELUM TERSEDIA,1
2025-12-29 07:41:52,3 gr,BELUM TERSEDIA,1
2025-12-29 07:41:52,5 gr,BELUM TERSEDIA,1
2025-12-29 07:41:52,10 gr,BELUM TERSEDIA,1
2025-12-29 07:43:11,0.5 gr,BELUM TERSEDIA,1
2025-12-29 07:43:11,1 gr,BELUM TERSEDIA,1
2025-12-29 07:43:11,2 gr,BELUM TERSEDIA,1
2025-12-29 07:43:11,3 gr,BELUM TERSEDIA,1
2025-12-29 07:43:11,5 gr,BELUM TERSEDIA,1
2025-12-29 07:43:11,10 gr,BELUM TERSEDIA,1
2025-12-29 07:44:33,0.5 gr,BELUM TERSEDIA,1
2025-12-29 07:44:33,1 gr,BELUM TERSEDIA,1
2025-12-29 07:44:33,2 gr,BELUM TERSEDIA,1
2025-12-29 07:44:33,3 gr,BELUM TERSEDIA,1
2025-12-29 07:44:33,5 gr,BELUM TERSEDIA,1
2025-12-29 07:44:33,10 gr,BELUM TERSEDIA,1
2025-12-29 07:45:56,0.5 gr,BELUM TERSEDIA,1
2025-12-29 07:45:56,1 gr,BELUM TERSEDIA,1
2025-12-29 07:45:56,2 gr,BELUM TERSEDIA,1
2025-12-29 07:45:56,3 gr,BELUM TERSEDIA,1
2025-12-29 07:45:56,5 gr,BELUM TERSEDIA,1
2025-12-29 07:45:56,10 gr,BELUM TERSEDIA,1
2025-12-29 07:47:17,0.5 gr,BELUM TERSEDIA,1
2025-12-29 07:47:17,1 gr,BELUM TERSEDIA,1
2025-12-29 07:47:17,2 gr,BELUM TERSEDIA,1
2025-12-29 07:47:17,3 gr,BELUM TERSEDIA,1
2025-12-29 07:47:17,5 gr,BELUM TERSEDIA,1
2025-12-29 07:47:17,10 gr,BELUM TERSEDIA,1
2025-12-29 07:48:39,0.5 gr,BELUM TERSEDIA,1
2025-12-29 07:48:39,1 gr,BELUM TERSEDIA,1
2025-12-29 07:48:39,2 gr,BELUM TERSEDIA,1
2025-12-29 07:48:39,3 gr,BELUM TERSEDIA,1
2025-12-29 07:48:39,5 gr,BELUM TERSEDIA,1
2025-12-29 07:48:39,10 gr,BELUM TERSEDIA,1
2025-12-29 07:50:01,0.5 gr,BELUM TERSEDIA,1
2025-12-29 07:50:01,1 gr,BELUM TERSEDIA,1
2025-12-29 07:50:01,2 gr,BELUM TERSEDIA,1
2025-12-29 07:50:01,3 gr,BELUM TERSEDIA,1
2025-12-29 07:50:01,5 gr,BELUM TERSEDIA,1
2025-12-29 07:50:01,10 gr,BELUM TERSEDIA,1
2025-12-29 07:51:22,0.5 gr,BELUM TERSEDIA,1
2025-12-29 07:51:22,1 gr,BELUM TERSEDIA,1
2025-12-29 07:51:22,2 gr,BELUM TERSEDIA,1
2025-12-29 07:51:22,3 gr,BELUM TERSEDIA,1
2025-12-29 07:51:22,5 gr,BELUM TERSEDIA,1
2025-12-29 07:51:22,10 gr,BELUM TERSEDIA,1
2025-12-29 07:52:47,0.5 gr,BELUM TERSEDIA,1
2025-12-29 07:52:47,1 gr,BELUM TERSEDIA,1
2025-12-29 07:52:47,2 gr,BELUM TERSEDIA,1
2025-12-29 07:52:47,3 gr,BELUM TERSEDIA,1
2025-12-29 07:52:47,5 gr,BELUM TERSEDIA,1
2025-12-29 07:52:47,10 gr,BELUM TERSEDIA,1
2025-12-29 07:54:10,0.5 gr,BELUM TERSEDIA,1
2025-12-29 07:54:10,1 gr,BELUM TERSEDIA,1
2025-12-29 07:54:10,2 gr,BELUM TERSEDIA,1
2025-12-29 07:54:10,3 gr,BELUM TERSEDIA,1
2025-12-29 07:54:10,5 gr,BELUM TERSEDIA,1
2025-12-29 07:54:10,10 gr,BELUM TERSEDIA,1
2025-12-29 07:55:34,0.5 gr,BELUM TERSEDIA,1
2025-12-29 07:55:34,1 gr,BELUM TERSEDIA,1
2025-12-29 07:55:34,2 gr,BELUM TERSEDIA,1
2025-12-29 07:55:34,3 gr,BELUM TERSEDIA,1
2025-12-29 07:55:34,5 gr,BELUM TERSEDIA,1
2025-12-29 07:55:34,10 gr,BELUM TERSEDIA,1
2025-12-29 07:56:57,0.5 gr,BELUM TERSEDIA,1
2025-12-29 07:56:57,1 gr,BELUM TERSEDIA,1
2025-12-29 07:56:57,2 gr,BELUM TERSEDIA,1
2025-12-29 07:56:57,3 gr,BELUM TERSEDIA,1
2025-12-29 07:56:57,5 gr,BELUM TERSEDIA,1
2025-12-29 07:56:57,10 gr,BELUM TERSEDIA,1
2025-12-29 07:58:19,0.5 gr,BELUM TERSEDIA,1
2025-12-29 07:58:19,1 gr,BELUM TERSEDIA,1
2025-12-29 07:58:19,2 gr,BELUM TERSEDIA,1
2025-12-29 07:58:19,3 gr,BELUM TERSEDIA,1
2025-12-29 07:58:19,5 gr,BELUM TERSEDIA,1
2025-12-29 07:58:19,10 gr,BELUM TERSEDIA,1
2025-12-29 07:59:40,0.5 gr,BELUM TERSEDIA,1
2025-12-29 07:59:40,1 gr,BELUM TERSEDIA,1
2025-12-29 07:59:40,2 gr,BELUM TERSEDIA,1
2025-12-29 07:59:40,3 gr,BELUM TERSEDIA,1
2025-12-29 07:59:40,5 gr,BELUM TERSEDIA,1
2025-12-29 07:59:40,10 gr,BELUM TERSEDIA,1
2025-12-29 08:01:09,0.5 gr,BELUM TERSEDIA,1
2025-12-29 08:01:09,1 gr,BELUM TERSEDIA,1
2025-12-29 08:01:09,2 gr,BELUM TERSEDIA,1
2025-12-29 08:01:09,3 gr,BELUM TERSEDIA,1
2025-12-29 08:01:09,5 gr,BELUM TERSEDIA,1
2025-12-29 08:01:09,10 gr,BELUM TERSEDIA,1
2025-12-29 08:02:31,0.5 gr,BELUM TERSEDIA,1
2025-12-29 08:02:31,1 gr,BELUM TERSEDIA,1
2025-12-29 08:02:31,2 gr,BELUM TERSEDIA,1
2025-12-29 08:02:31,3 gr,BELUM TERSEDIA,1
2025-12-29 08:02:31,5 gr,BELUM TERSEDIA,1
2025-12-29 08:02:31,10 gr,BELUM TERSEDIA,1
2025-12-29 08:03:58,0.5 gr,BELUM TERSEDIA,1
2025-12-29 08:03:58,1 gr,BELUM TERSEDIA,1
2025-12-29 08:03:58,2 gr,BELUM TERSEDIA,1
2025-12-29 08:03:58,3 gr,BELUM TERSEDIA,1
2025-12-29 08:03:58,5 gr,BELUM TERSEDIA,1
2025-12-29 08:03:58,10 gr,BELUM TERSEDIA,1
2025-12-29 08:05:25,0.5 gr,BELUM TERSEDIA,1
2025-12-29 08:05:25,1 gr,BELUM TERSEDIA,1
2025-12-29 08:05:25,2 gr,BELUM TERSEDIA,1
2025-12-29 08:05:25,3 gr,BELUM TERSEDIA,1
2025-12-29 08:05:25,5 gr,BELUM TERSEDIA,1
2025-12-29 08:05:25,10 gr,BELUM TERSEDIA,1
2025-12-29 08:06:46,0.5 gr,BELUM TERSEDIA,1
2025-12-29 08:06:46,1 gr,BELUM TERSEDIA,1
2025-12-29 08:06:46,2 gr,BELUM TERSEDIA,1
2025-12-29 08:06:46,3 gr,BELUM TERSEDIA,1
2025-12-29 08:06:46,5 gr,BELUM TERSEDIA,1
2025-12-29 08:06:46,10 gr,BELUM TERSEDIA,1
2025-12-29 08:08:09,0.5 gr,BELUM TERSEDIA,1
2025-12-29 08:08:09,1 gr,BELUM TERSEDIA,1
2025-12-29 08:08:09,2 gr,BELUM TERSEDIA,1
2025-12-29 08:08:09,3 gr,BELUM TERSEDIA,1
2025-12-29 08:08:09,5 gr,BELUM TERSEDIA,1
2025-12-29 08:08:09,10 gr,BELUM TERSEDIA,1
2025-12-29 08:09:33,0.5 gr,BELUM TERSEDIA,1
2025-12-29 08:09:33,1 gr,BELUM TERSEDIA,1
2025-12-29 08:09:33,2 gr,BELUM TERSEDIA,1
2025-12-29 08:09:33,3 gr,BELUM TERSEDIA,1
2025-12-29 08:09:33,5 gr,BELUM TERSEDIA,1
2025-12-29 08:09:33,10 gr,BELUM TERSEDIA,1
2025-12-29 08:10:54,0.5 gr,BELUM TERSEDIA,1
2025-12-29 08:10:54,1 gr,BELUM TERSEDIA,1
2025-12-29 08:10:54,2 gr,BELUM TERSEDIA,1
2025-12-29 08:10:54,3 gr,BELUM TERSEDIA,1
2025-12-29 08:10:54,5 gr,BELUM TERSEDIA,1
2025-12-29 08:10:54,10 gr,BELUM TERSEDIA,1
2025-12-29 08:12:20,0.5 gr,BELUM TERSEDIA,1
2025-12-29 08:12:20,1 gr,BELUM TERSEDIA,1
2025-12-29 08:12:20,2 gr,BELUM TERSEDIA,1
2025-12-29 08:12:20,3 gr,BELUM TERSEDIA,1
2025-12-29 08:12:20,5 gr,BELUM TERSEDIA,1
2025-12-29 08:12:20,10 gr,BELUM TERSEDIA,1
2025-12-29 08:13:44,0.5 gr,BELUM TERSEDIA,1
2025-12-29 08:13:44,1 gr,BELUM TERSEDIA,1
2025-12-29 08:13:44,2 gr,BELUM TERSEDIA,1
2025-12-29 08:13:44,3 gr,BELUM TERSEDIA,1
2025-12-29 08:13:44,5 gr,BELUM TERSEDIA,1
2025-12-29 08:13:44,10 gr,BELUM TERSEDIA,1
2025-12-29 08:15:05,0.5 gr,BELUM TERSEDIA,1
2025-12-29 08:15:05,1 gr,BELUM TERSEDIA,1
2025-12-29 08:15:05,2 gr,BELUM TERSEDIA,1
2025-12-29 08:15:05,3 gr,BELUM TERSEDIA,1
2025-12-29 08:15:05,5 gr,BELUM TERSEDIA,1
2025-12-29 08:15:05,10 gr,BELUM TERSEDIA,1
2025-12-29 08:16:31,0.5 gr,BELUM TERSEDIA,1
2025-12-29 08:16:31,1 gr,BELUM TERSEDIA,1
2025-12-29 08:16:31,2 gr,BELUM TERSEDIA,1
2025-12-29 08:16:31,3 gr,BELUM TERSEDIA,1
2025-12-29 08:16:31,5 gr,BELUM TERSEDIA,1
2025-12-29 08:16:31,10 gr,BELUM TERSEDIA,1
2025-12-29 08:17:56,0.5 gr,BELUM TERSEDIA,1
2025-12-29 08:17:56,1 gr,BELUM TERSEDIA,1
2025-12-29 08:17:56,2 gr,BELUM TERSEDIA,1
2025-12-29 08:17:56,3 gr,BELUM TERSEDIA,1
2025-12-29 08:17:56,5 gr,BELUM TERSEDIA,1
2025-12-29 08:17:56,10 gr,BELUM TERSEDIA,1
2025-12-29 08:19:23,0.5 gr,BELUM TERSEDIA,1
2025-12-29 08:19:23,1 gr,BELUM TERSEDIA,1
2025-12-29 08:19:23,2 gr,BELUM TERSEDIA,1
2025-12-29 08:19:23,3 gr,BELUM TERSEDIA,1
2025-12-29 08:19:23,5 gr,BELUM TERSEDIA,1
2025-12-29 08:19:23,10 gr,BELUM TERSEDIA,1
2025-12-29 08:20:46,0.5 gr,BELUM TERSEDIA,1
2025-12-29 08:20:46,1 gr,BELUM TERSEDIA,1
2025-12-29 08:20:46,2 gr,BELUM TERSEDIA,1
2025-12-29 08:20:46,3 gr,BELUM TERSEDIA,1
2025-12-29 08:20:46,5 gr,BELUM TERSEDIA,1
2025-12-29 08:20:46,10 gr,BELUM TERSEDIA,1
2025-12-29 08:22:35,0.5 gr,BELUM TERSEDIA,1
2025-12-29 08:22:35,1 gr,BELUM TERSEDIA,1
2025-12-29 08:22:35,2 gr,BELUM TERSEDIA,1
2025-12-29 08:22:35,3 gr,BELUM TERSEDIA,1
2025-12-29 08:22:35,5 gr,BELUM TERSEDIA,1
2025-12-29 08:22:35,10 gr,BELUM TERSEDIA,1
2025-12-29 08:23:59,0.5 gr,BELUM TERSEDIA,1
2025-12-29 08:23:59,1 gr,BELUM TERSEDIA,1
2025-12-29 08:23:59,2 gr,BELUM TERSEDIA,1
2025-12-29 08:23:59,3 gr,BELUM TERSEDIA,1
2025-12-29 08:23:59,5 gr,BELUM TERSEDIA,1
2025-12-29 08:23:59,10 gr,BELUM TERSEDIA,1
2025-12-29 08:25:21,0.5 gr,BELUM TERSEDIA,1
2025-12-29 08:25:21,1 gr,BELUM TERSEDIA,1
2025-12-29 08:25:21,2 gr,BELUM TERSEDIA,1
2025-12-29 08:25:21,3 gr,BELUM TERSEDIA,1
2025-12-29 08:25:21,5 gr,BELUM TERSEDIA,1
2025-12-29 08:25:21,10 gr,BELUM TERSEDIA,1
2025-12-29 08:26:51,0.5 gr,BELUM TERSEDIA,1
2025-12-29 08:26:51,1 gr,BELUM TERSEDIA,1
2025-12-29 08:26:51,2 gr,BELUM TERSEDIA,1
2025-12-29 08:26:51,3 gr,BELUM TERSEDIA,1
2025-12-29 08:26:51,5 gr,BELUM TERSEDIA,1
2025-12-29 08:26:51,10 gr,BELUM TERSEDIA,1
2025-12-29 08:28:13,0.5 gr,BELUM TERSEDIA,1
2025-12-29 08:28:13,1 gr,BELUM TERSEDIA,1
2025-12-29 08:28:13,2 gr,BELUM TERSEDIA,1
2025-12-29 08:28:13,3 gr,BELUM TERSEDIA,1
2025-12-29 08:28:13,5 gr,BELUM TERSEDIA,1
2025-12-29 08:28:13,10 gr,BELUM TERSEDIA,1
2025-12-29 08:29:34,0.5 gr,BELUM TERSEDIA,1
2025-12-29 08:29:34,1 gr,BELUM TERSEDIA,1
2025-12-29 08:29:34,2 gr,BELUM TERSEDIA,1
2025-12-29 08:29:34,3 gr,BELUM TERSEDIA,1
2025-12-29 08:29:34,5 gr,BELUM TERSEDIA,1
2025-12-29 08:29:34,10 gr,BELUM TERSEDIA,1
2025-12-29 08:30:58,0.5 gr,BELUM TERSEDIA,1
2025-12-29 08:30:58,1 gr,BELUM TERSEDIA,1
2025-12-29 08:30:58,2 gr,BELUM TERSEDIA,1
2025-12-29 08:30:58,3 gr,BELUM TERSEDIA,1
2025-12-29 08:30:58,5 gr,BELUM TERSEDIA,1
2025-12-29 08:30:58,10 gr,BELUM TERSEDIA,1
2025-12-29 08:32:26,0.5 gr,BELUM TERSEDIA,1
2025-12-29 08:32:26,1 gr,BELUM TERSEDIA,1
2025-12-29 08:32:26,2 gr,BELUM TERSEDIA,1
2025-12-29 08:32:26,3 gr,BELUM TERSEDIA,1
2025-12-29 08:32:26,5 gr,BELUM TERSEDIA,1
2025-12-29 08:32:26,10 gr,BELUM TERSEDIA,1
2025-12-29 08:33:47,0.5 gr,BELUM TERSEDIA,1
2025-12-29 08:33:47,1 gr,BELUM TERSEDIA,1
2025-12-29 08:33:47,2 gr,BELUM TERSEDIA,1
2025-12-29 08:33:47,3 gr,BELUM TERSEDIA,1
2025-12-29 08:33:47,5 gr,BELUM TERSEDIA,1
2025-12-29 08:33:47,10 gr,BELUM TERSEDIA,1
2025-12-29 08:35:07,0.5 gr,BELUM TERSEDIA,1
2025-12-29 08:35:07,1 gr,BELUM TERSEDIA,1
2025-12-29 08:35:07,2 gr,BELUM TERSEDIA,1
2025-12-29 08:35:07,3 gr,BELUM TERSEDIA,1
2025-12-29 08:35:07,5 gr,BELUM TERSEDIA,1
2025-12-29 08:35:07,10 gr,BELUM TERSEDIA,1
2025-12-29 08:36:34,0.5 gr,BELUM TERSEDIA,1
2025-12-29 08:36:34,1 gr,BELUM TERSEDIA,1
2025-12-29 08:36:34,2 gr,BELUM TERSEDIA,1
2025-12-29 08:36:34,3 gr,BELUM TERSEDIA,1
2025-12-29 08:36:34,5 gr,BELUM TERSEDIA,1
2025-12-29 08:36:34,10 gr,BELUM TERSEDIA,1
2025-12-29 08:38:30,0.5 gr,BELUM TERSEDIA,1
2025-12-29 08:38:30,1 gr,BELUM TERSEDIA,1
2025-12-29 08:38:30,2 gr,BELUM TERSEDIA,1
2025-12-29 08:38:30,3 gr,BELUM TERSEDIA,1
2025-12-29 08:38:30,5 gr,BELUM TERSEDIA,1
2025-12-29 08:38:30,10 gr,BELUM TERSEDIA,1
2025-12-29 08:39:50,0.5 gr,BELUM TERSEDIA,1
2025-12-29 08:39:50,1 gr,BELUM TERSEDIA,1
2025-12-29 08:39:50,2 gr,BELUM TERSEDIA,1
2025-12-29 08:39:50,3 gr,BELUM TERSEDIA,1
2025-12-29 08:39:50,5 gr,BELUM TERSEDIA,1
2025-12-29 08:39:50,10 gr,BELUM TERSEDIA,1
2025-12-29 08:41:12,0.5 gr,BELUM TERSEDIA,1
2025-12-29 08:41:12,1 gr,BELUM TERSEDIA,1
2025-12-29 08:41:12,2 gr,BELUM TERSEDIA,1
2025-12-29 08:41:12,3 gr,BELUM TERSEDIA,1
2025-12-29 08:41:12,5 gr,BELUM TERSEDIA,1
2025-12-29 08:41:12,10 gr,BELUM TERSEDIA,1
2025-12-29 08:42:34,0.5 gr,BELUM TERSEDIA,1
2025-12-29 08:42:34,1 gr,BELUM TERSEDIA,1
2025-12-29 08:42:34,2 gr,BELUM TERSEDIA,1
2025-12-29 08:42:34,3 gr,BELUM TERSEDIA,1
2025-12-29 08:42:34,5 gr,BELUM TERSEDIA,1
2025-12-29 08:42:34,10 gr,BELUM TERSEDIA,1
2025-12-29 08:43:57,0.5 gr,BELUM TERSEDIA,1
2025-12-29 08:43:57,1 gr,BELUM TERSEDIA,1
2025-12-29 08:43:57,2 gr,BELUM TERSEDIA,1
2025-12-29 08:43:57,3 gr,BELUM TERSEDIA,1
2025-12-29 08:43:57,5 gr,BELUM TERSEDIA,1
2025-12-29 08:43:57,10 gr,BELUM TERSEDIA,1
2025-12-29 08:45:17,0.5 gr,BELUM TERSEDIA,1
2025-12-29 08:45:17,1 gr,BELUM TERSEDIA,1
2025-12-29 08:45:17,2 gr,BELUM TERSEDIA,1
2025-12-29 08:45:17,3 gr,BELUM TERSEDIA,1
2025-12-29 08:45:17,5 gr,BELUM TERSEDIA,1
2025-12-29 08:45:17,10 gr,BELUM TERSEDIA,1
2025-12-29 08:46:39,0.5 gr,BELUM TERSEDIA,1
2025-12-29 08:46:39,1 gr,BELUM TERSEDIA,1
2025-12-29 08:46:39,2 gr,BELUM TERSEDIA,1
2025-12-29 08:46:39,3 gr,BELUM TERSEDIA,1
2025-12-29 08:46:39,5 gr,BELUM TERSEDIA,1
2025-12-29 08:46:39,10 gr,BELUM TERSEDIA,1
2025-12-29 08:48:03,0.5 gr,BELUM TERSEDIA,1
2025-12-29 08:48:03,1 gr,BELUM TERSEDIA,1
2025-12-29 08:48:03,2 gr,BELUM TERSEDIA,1
2025-12-29 08:48:03,3 gr,BELUM TERSEDIA,1
2025-12-29 08:48:03,5 gr,BELUM TERSEDIA,1
2025-12-29 08:48:03,10 gr,BELUM TERSEDIA,1
2025-12-29 08:49:26,0.5 gr,BELUM TERSEDIA,1
2025-12-29 08:49:26,1 gr,BELUM TERSEDIA,1
2025-12-29 08:49:26,2 gr,BELUM TERSEDIA,1
2025-12-29 08:49:26,3 gr,BELUM TERSEDIA,1
2025-12-29 08:49:26,5 gr,BELUM TERSEDIA,1
2025-12-29 08:49:26,10 gr,BELUM TERSEDIA,1
2025-12-29 08:50:49,0.5 gr,BELUM TERSEDIA,1
2025-12-29 08:50:49,1 gr,BELUM TERSEDIA,1
2025-12-29 08:50:49,2 gr,BELUM TERSEDIA,1
2025-12-29 08:50:49,3 gr,BELUM TERSEDIA,1
2025-12-29 08:50:49,5 gr,BELUM TERSEDIA,1
2025-12-29 08:50:49,10 gr,BELUM TERSEDIA,1
2025-12-29 08:53:36,0.5 gr,BELUM TERSEDIA,1
2025-12-29 08:53:36,1 gr,BELUM TERSEDIA,1
2025-12-29 08:53:36,2 gr,BELUM TERSEDIA,1
2025-12-29 08:53:36,3 gr,BELUM TERSEDIA,1
2025-12-29 08:53:36,5 gr,BELUM TERSEDIA,1
2025-12-29 08:53:36,10 gr,BELUM TERSEDIA,1
2025-12-29 08:54:59,0.5 gr,BELUM TERSEDIA,1
2025-12-29 08:54:59,1 gr,BELUM TERSEDIA,1
2025-12-29 08:54:59,2 gr,BELUM TERSEDIA,1
2025-12-29 08:54:59,3 gr,BELUM TERSEDIA,1
2025-12-29 08:54:59,5 gr,BELUM TERSEDIA,1
2025-12-29 08:54:59,10 gr,BELUM TERSEDIA,1
2025-12-29 08:56:22,0.5 gr,BELUM TERSEDIA,1
2025-12-29 08:56:22,1 gr,BELUM TERSEDIA,1
2025-12-29 08:56:22,2 gr,BELUM TERSEDIA,1
2025-12-29 08:56:22,3 gr,BELUM TERSEDIA,1
2025-12-29 08:56:22,5 gr,BELUM TERSEDIA,1
2025-12-29 08:56:22,10 gr,BELUM TERSEDIA,1
2025-12-29 08:59:07,0.5 gr,BELUM TERSEDIA,1
2025-12-29 08:59:07,1 gr,BELUM TERSEDIA,1
2025-12-29 08:59:07,2 gr,BELUM TERSEDIA,1
2025-12-29 08:59:07,3 gr,BELUM TERSEDIA,1
2025-12-29 08:59:07,5 gr,BELUM TERSEDIA,1
2025-12-29 08:59:07,10 gr,BELUM TERSEDIA,1
2025-12-29 09:00:30,0.5 gr,BELUM TERSEDIA,1
2025-12-29 09:00:30,1 gr,BELUM TERSEDIA,1
2025-12-29 09:00:30,2 gr,BELUM TERSEDIA,1
2025-12-29 09:00:30,3 gr,BELUM TERSEDIA,1
2025-12-29 09:00:30,5 gr,BELUM TERSEDIA,1
2025-12-29 09:00:30,10 gr,BELUM TERSEDIA,1
2025-12-29 09:01:52,0.5 gr,BELUM TERSEDIA,1
2025-12-29 09:01:52,1 gr,BELUM TERSEDIA,1
2025-12-29 09:01:52,2 gr,BELUM TERSEDIA,1
2025-12-29 09:01:52,3 gr,BELUM TERSEDIA,1
2025-12-29 09:01:52,5 gr,BELUM TERSEDIA,1
2025-12-29 09:01:52,10 gr,BELUM TERSEDIA,1
2025-12-29 09:03:15,0.5 gr,BELUM TERSEDIA,1
2025-12-29 09:03:15,1 gr,BELUM TERSEDIA,1
2025-12-29 09:03:15,2 gr,BELUM TERSEDIA,1
2025-12-29 09:03:15,3 gr,BELUM TERSEDIA,1
2025-12-29 09:03:15,5 gr,BELUM TERSEDIA,1
2025-12-29 09:03:15,10 gr,BELUM TERSEDIA,1
2025-12-29 09:05:39,0.5 gr,BELUM TERSEDIA,1
2025-12-29 09:05:39,1 gr,BELUM TERSEDIA,1
2025-12-29 09:05:39,2 gr,BELUM TERSEDIA,1
2025-12-29 09:05:39,3 gr,BELUM TERSEDIA,1
2025-12-29 09:05:39,5 gr,BELUM TERSEDIA,1
2025-12-29 09:05:39,10 gr,BELUM TERSEDIA,1
2025-12-29 09:07:06,0.5 gr,BELUM TERSEDIA,1
2025-12-29 09:07:06,1 gr,BELUM TERSEDIA,1
2025-12-29 09:07:06,2 gr,BELUM TERSEDIA,1
2025-12-29 09:07:06,3 gr,BELUM TERSEDIA,1
2025-12-29 09:07:06,5 gr,BELUM TERSEDIA,1
2025-12-29 09:07:06,10 gr,BELUM TERSEDIA,1
2025-12-29 09:08:30,0.5 gr,BELUM TERSEDIA,1
2025-12-29 09:08:30,1 gr,BELUM TERSEDIA,1
2025-12-29 09:08:30,2 gr,BELUM TERSEDIA,1
2025-12-29 09:08:30,3 gr,BELUM TERSEDIA,1
2025-12-29 09:08:30,5 gr,BELUM TERSEDIA,1
2025-12-29 09:08:30,10 gr,BELUM TERSEDIA,1
2025-12-29 09:09:52,0.5 gr,BELUM TERSEDIA,1
2025-12-29 09:09:52,1 gr,BELUM TERSEDIA,1
2025-12-29 09:09:52,2 gr,BELUM TERSEDIA,1
2025-12-29 09:09:52,3 gr,BELUM TERSEDIA,1
2025-12-29 09:09:52,5 gr,BELUM TERSEDIA,1
2025-12-29 09:09:52,10 gr,BELUM TERSEDIA,1
2025-12-29 09:11:15,0.5 gr,BELUM TERSEDIA,1
2025-12-29 09:11:15,1 gr,BELUM TERSEDIA,1
2025-12-29 09:11:15,2 gr,BELUM TERSEDIA,1
2025-12-29 09:11:15,3 gr,BELUM TERSEDIA,1
2025-12-29 09:11:15,5 gr,BELUM TERSEDIA,1
2025-12-29 09:11:15,10 gr,BELUM TERSEDIA,1
2025-12-29 09:12:37,0.5 gr,BELUM TERSEDIA,1
2025-12-29 09:12:37,1 gr,BELUM TERSEDIA,1
2025-12-29 09:12:37,2 gr,BELUM TERSEDIA,1
2025-12-29 09:12:37,3 gr,BELUM TERSEDIA,1
2025-12-29 09:12:37,5 gr,BELUM TERSEDIA,1
2025-12-29 09:12:37,10 gr,BELUM TERSEDIA,1
2025-12-29 09:14:01,0.5 gr,BELUM TERSEDIA,1
2025-12-29 09:14:01,1 gr,BELUM TERSEDIA,1
2025-12-29 09:14:01,2 gr,BELUM TERSEDIA,1
2025-12-29 09:14:01,3 gr,BELUM TERSEDIA,1
2025-12-29 09:14:01,5 gr,BELUM TERSEDIA,1
2025-12-29 09:14:01,10 gr,BELUM TERSEDIA,1
2025-12-29 09:15:28,0.5 gr,BELUM TERSEDIA,1
2025-12-29 09:15:28,1 gr,BELUM TERSEDIA,1
2025-12-29 09:15:28,2 gr,BELUM TERSEDIA,1
2025-12-29 09:15:28,3 gr,BELUM TERSEDIA,1
2025-12-29 09:15:28,5 gr,BELUM TERSEDIA,1
2025-12-29 09:15:28,10 gr,BELUM TERSEDIA,1
2025-12-29 09:16:59,0.5 gr,BELUM TERSEDIA,1
2025-12-29 09:16:59,1 gr,BELUM TERSEDIA,1
2025-12-29 09:16:59,2 gr,BELUM TERSEDIA,1
2025-12-29 09:16:59,3 gr,BELUM TERSEDIA,1
2025-12-29 09:16:59,5 gr,BELUM TERSEDIA,1
2025-12-29 09:16:59,10 gr,BELUM TERSEDIA,1
2025-12-29 09:18:22,0.5 gr,BELUM TERSEDIA,1
2025-12-29 09:18:22,1 gr,BELUM TERSEDIA,1
2025-12-29 09:18:22,2 gr,BELUM TERSEDIA,1
2025-12-29 09:18:22,3 gr,BELUM TERSEDIA,1
2025-12-29 09:18:22,5 gr,BELUM TERSEDIA,1
2025-12-29 09:18:22,10 gr,BELUM TERSEDIA,1
2025-12-29 09:21:18,0.5 gr,BELUM TERSEDIA,1
2025-12-29 09:21:18,1 gr,BELUM TERSEDIA,1
2025-12-29 09:21:18,2 gr,BELUM TERSEDIA,1
2025-12-29 09:21:18,3 gr,BELUM TERSEDIA,1
2025-12-29 09:21:18,5 gr,BELUM TERSEDIA,1
2025-12-29 09:21:18,10 gr,BELUM TERSEDIA,1
2025-12-29 09:22:51,0.5 gr,BELUM TERSEDIA,1
2025-12-29 09:22:51,1 gr,BELUM TERSEDIA,1
2025-12-29 09:22:51,2 gr,BELUM TERSEDIA,1
2025-12-29 09:22:51,3 gr,BELUM TERSEDIA,1
2025-12-29 09:22:51,5 gr,BELUM TERSEDIA,1
2025-12-29 09:22:51,10 gr,BELUM TERSEDIA,1
2025-12-29 09:24:11,0.5 gr,BELUM TERSEDIA,1
2025-12-29 09:24:11,1 gr,BELUM TERSEDIA,1
2025-12-29 09:24:11,2 gr,BELUM TERSEDIA,1
2025-12-29 09:24:11,3 gr,BELUM TERSEDIA,1
2025-12-29 09:24:11,5 gr,BELUM TERSEDIA,1
2025-12-29 09:24:11,10 gr,BELUM TERSEDIA,1
2025-12-29 09:25:55,0.5 gr,BELUM TERSEDIA,1
2025-12-29 09:25:55,1 gr,BELUM TERSEDIA,1
2025-12-29 09:25:55,2 gr,BELUM TERSEDIA,1
2025-12-29 09:25:55,3 gr,BELUM TERSEDIA,1
2025-12-29 09:25:55,5 gr,BELUM TERSEDIA,1
2025-12-29 09:25:55,10 gr,BELUM TERSEDIA,1
2025-12-29 09:27:22,0.5 gr,BELUM TERSEDIA,1
2025-12-29 09:27:22,1 gr,BELUM TERSEDIA,1
2025-12-29 09:27:22,2 gr,BELUM TERSEDIA,1
2025-12-29 09:27:22,3 gr,BELUM TERSEDIA,1
2025-12-29 09:27:22,5 gr,BELUM TERSEDIA,1
2025-12-29 09:27:22,10 gr,BELUM TERSEDIA,1
2025-12-29 09:28:48,0.5 gr,BELUM TERSEDIA,1
2025-12-29 09:28:48,1 gr,BELUM TERSEDIA,1
2025-12-29 09:28:48,2 gr,BELUM TERSEDIA,1
2025-12-29 09:28:48,3 gr,BELUM TERSEDIA,1
2025-12-29 09:28:48,5 gr,BELUM TERSEDIA,1
2025-12-29 09:28:48,10 gr,BELUM TERSEDIA,1
2025-12-29 09:30:25,0.5 gr,BELUM TERSEDIA,1
2025-12-29 09:30:25,1 gr,BELUM TERSEDIA,1
2025-12-29 09:30:25,2 gr,BELUM TERSEDIA,1
2025-12-29 09:30:25,3 gr,BELUM TERSEDIA,1
2025-12-29 09:30:25,5 gr,BELUM TERSEDIA,1
2025-12-29 09:30:25,10 gr,BELUM TERSEDIA,1
2025-12-29 09:31:48,0.5 gr,BELUM TERSEDIA,1
2025-12-29 09:31:48,1 gr,BELUM TERSEDIA,1
2025-12-29 09:31:48,2 gr,BELUM TERSEDIA,1
2025-12-29 09:31:48,3 gr,BELUM TERSEDIA,1
2025-12-29 09:31:48,5 gr,BELUM TERSEDIA,1
2025-12-29 09:31:48,10 gr,BELUM TERSEDIA,1
2025-12-29 09:33:16,0.5 gr,BELUM TERSEDIA,1
2025-12-29 09:33:16,1 gr,BELUM TERSEDIA,1
2025-12-29 09:33:16,2 gr,BELUM TERSEDIA,1
2025-12-29 09:33:16,3 gr,BELUM TERSEDIA,1
2025-12-29 09:33:16,5 gr,BELUM TERSEDIA,1
2025-12-29 09:33:16,10 gr,BELUM TERSEDIA,1
2025-12-29 09:34:50,0.5 gr,BELUM TERSEDIA,1
2025-12-29 09:34:50,1 gr,BELUM TERSEDIA,1
2025-12-29 09:34:50,2 gr,BELUM TERSEDIA,1
2025-12-29 09:34:50,3 gr,BELUM TERSEDIA,1
2025-12-29 09:34:50,5 gr,BELUM TERSEDIA,1
2025-12-29 09:34:50,10 gr,BELUM TERSEDIA,1
2025-12-29 09:36:14,0.5 gr,BELUM TERSEDIA,1
2025-12-29 09:36:14,1 gr,BELUM TERSEDIA,1
2025-12-29 09:36:14,2 gr,BELUM TERSEDIA,1
2025-12-29 09:36:14,3 gr,BELUM TERSEDIA,1
2025-12-29 09:36:14,5 gr,BELUM TERSEDIA,1
2025-12-29 09:36:14,10 gr,BELUM TERSEDIA,1
2025-12-29 09:37:37,0.5 gr,BELUM TERSEDIA,1
2025-12-29 09:37:37,1 gr,BELUM TERSEDIA,1
2025-12-29 09:37:37,2 gr,BELUM TERSEDIA,1
2025-12-29 09:37:37,3 gr,BELUM TERSEDIA,1
2025-12-29 09:37:37,5 gr,BELUM TERSEDIA,1
2025-12-29 09:37:37,10 gr,BELUM TERSEDIA,1
2025-12-29 09:39:13,0.5 gr,BELUM TERSEDIA,1
2025-12-29 09:39:13,1 gr,BELUM TERSEDIA,1
2025-12-29 09:39:13,2 gr,BELUM TERSEDIA,1
2025-12-29 09:39:13,3 gr,BELUM TERSEDIA,1
2025-12-29 09:39:13,5 gr,BELUM TERSEDIA,1
2025-12-29 09:39:13,10 gr,BELUM TERSEDIA,1
2025-12-29 09:40:35,0.5 gr,BELUM TERSEDIA,1
2025-12-29 09:40:35,1 gr,BELUM TERSEDIA,1
2025-12-29 09:40:35,2 gr,BELUM TERSEDIA,1
2025-12-29 09:40:35,3 gr,BELUM TERSEDIA,1
2025-12-29 09:40:35,5 gr,BELUM TERSEDIA,1
2025-12-29 09:40:35,10 gr,BELUM TERSEDIA,1
2025-12-29 09:42:10,0.5 gr,BELUM TERSEDIA,1
2025-12-29 09:42:10,1 gr,BELUM TERSEDIA,1
2025-12-29 09:42:10,2 gr,BELUM TERSEDIA,1
2025-12-29 09:42:10,3 gr,BELUM TERSEDIA,1
2025-12-29 09:42:10,5 gr,BELUM TERSEDIA,1
2025-12-29 09:42:10,10 gr,BELUM TERSEDIA,1
2025-12-29 09:43:32,0.5 gr,BELUM TERSEDIA,1
2025-12-29 09:43:32,1 gr,BELUM TERSEDIA,1
2025-12-29 09:43:32,2 gr,BELUM TERSEDIA,1
2025-12-29 09:43:32,3 gr,BELUM TERSEDIA,1
2025-12-29 09:43:32,5 gr,BELUM TERSEDIA,1
2025-12-29 09:43:32,10 gr,BELUM TERSEDIA,1
2025-12-29 09:44:54,0.5 gr,BELUM TERSEDIA,1
2025-12-29 09:44:54,1 gr,BELUM TERSEDIA,1
2025-12-29 09:44:54,2 gr,BELUM TERSEDIA,1
2025-12-29 09:44:54,3 gr,BELUM TERSEDIA,1
2025-12-29 09:44:54,5 gr,BELUM TERSEDIA,1
2025-12-29 09:44:54,10 gr,BELUM TERSEDIA,1
2025-12-29 09:46:14,0.5 gr,BELUM TERSEDIA,1
2025-12-29 09:46:14,1 gr,BELUM TERSEDIA,1
2025-12-29 09:46:14,2 gr,BELUM TERSEDIA,1
2025-12-29 09:46:14,3 gr,BELUM TERSEDIA,1
2025-12-29 09:46:14,5 gr,BELUM TERSEDIA,1
2025-12-29 09:46:14,10 gr,BELUM TERSEDIA,1
2025-12-29 09:49:03,0.5 gr,BELUM TERSEDIA,1
2025-12-29 09:49:03,1 gr,BELUM TERSEDIA,1
2025-12-29 09:49:03,2 gr,BELUM TERSEDIA,1
2025-12-29 09:49:03,3 gr,BELUM TERSEDIA,1
2025-12-29 09:49:03,5 gr,BELUM TERSEDIA,1
2025-12-29 09:49:03,10 gr,BELUM TERSEDIA,1
2025-12-29 09:50:27,0.5 gr,BELUM TERSEDIA,1
2025-12-29 09:50:27,1 gr,BELUM TERSEDIA,1
2025-12-29 09:50:27,2 gr,BELUM TERSEDIA,1
2025-12-29 09:50:27,3 gr,BELUM TERSEDIA,1
2025-12-29 09:50:27,5 gr,BELUM TERSEDIA,1
2025-12-29 09:50:27,10 gr,BELUM TERSEDIA,1
2025-12-29 09:52:04,0.5 gr,BELUM TERSEDIA,1
2025-12-29 09:52:04,1 gr,BELUM TERSEDIA,1
2025-12-29 09:52:04,2 gr,BELUM TERSEDIA,1
2025-12-29 09:52:04,3 gr,BELUM TERSEDIA,1
2025-12-29 09:52:04,5 gr,BELUM TERSEDIA,1
2025-12-29 09:52:04,10 gr,BELUM TERSEDIA,1
2025-12-29 09:53:26,0.5 gr,BELUM TERSEDIA,1
2025-12-29 09:53:26,1 gr,BELUM TERSEDIA,1
2025-12-29 09:53:26,2 gr,BELUM TERSEDIA,1
2025-12-29 09:53:26,3 gr,BELUM TERSEDIA,1
2025-12-29 09:53:26,5 gr,BELUM TERSEDIA,1
2025-12-29 09:53:26,10 gr,BELUM TERSEDIA,1
2025-12-29 09:54:47,0.5 gr,BELUM TERSEDIA,1
2025-12-29 09:54:47,1 gr,BELUM TERSEDIA,1
2025-12-29 09:54:47,2 gr,BELUM TERSEDIA,1
2025-12-29 09:54:47,3 gr,BELUM TERSEDIA,1
2025-12-29 09:54:47,5 gr,BELUM TERSEDIA,1
2025-12-29 09:54:47,10 gr,BELUM TERSEDIA,1
2025-12-29 09:56:08,0.5 gr,BELUM TERSEDIA,1
2025-12-29 09:56:08,1 gr,BELUM TERSEDIA,1
2025-12-29 09:56:08,2 gr,BELUM TERSEDIA,1
2025-12-29 09:56:08,3 gr,BELUM TERSEDIA,1
2025-12-29 09:56:08,5 gr,BELUM TERSEDIA,1
2025-12-29 09:56:08,10 gr,BELUM TERSEDIA,1
2025-12-29 09:57:36,0.5 gr,BELUM TERSEDIA,1
2025-12-29 09:57:36,1 gr,BELUM TERSEDIA,1
2025-12-29 09:57:36,2 gr,BELUM TERSEDIA,1
2025-12-29 09:57:36,3 gr,BELUM TERSEDIA,1
2025-12-29 09:57:36,5 gr,BELUM TERSEDIA,1
2025-12-29 09:57:36,10 gr,BELUM TERSEDIA,1
2025-12-29 09:58:55,0.5 gr,BELUM TERSEDIA,1
2025-12-29 09:58:55,1 gr,BELUM TERSEDIA,1
2025-12-29 09:58:55,2 gr,BELUM TERSEDIA,1
2025-12-29 09:58:55,3 gr,BELUM TERSEDIA,1
2025-12-29 09:58:55,5 gr,BELUM TERSEDIA,1
2025-12-29 09:58:55,10 gr,BELUM TERSEDIA,1
2025-12-29 10:01:32,0.5 gr,BELUM TERSEDIA,1
2025-12-29 10:01:32,1 gr,BELUM TERSEDIA,1
2025-12-29 10:01:32,2 gr,BELUM TERSEDIA,1
2025-12-29 10:01:32,3 gr,BELUM TERSEDIA,1
2025-12-29 10:01:32,5 gr,BELUM TERSEDIA,1
2025-12-29 10:01:32,10 gr,BELUM TERSEDIA,1
2025-12-29 10:02:55,0.5 gr,BELUM TERSEDIA,1
2025-12-29 10:02:55,1 gr,BELUM TERSEDIA,1
2025-12-29 10:02:55,2 gr,BELUM TERSEDIA,1
2025-12-29 10:02:55,3 gr,BELUM TERSEDIA,1
2025-12-29 10:02:55,5 gr,BELUM TERSEDIA,1
2025-12-29 10:02:55,10 gr,BELUM TERSEDIA,1
2025-12-29 10:04:18,0.5 gr,BELUM TERSEDIA,1
2025-12-29 10:04:18,1 gr,BELUM TERSEDIA,1
2025-12-29 10:04:18,2 gr,BELUM TERSEDIA,1
2025-12-29 10:04:18,3 gr,BELUM TERSEDIA,1
2025-12-29 10:04:18,5 gr,BELUM TERSEDIA,1
2025-12-29 10:04:18,10 gr,BELUM TERSEDIA,1
2025-12-29 10:07:05,0.5 gr,BELUM TERSEDIA,1
2025-12-29 10:07:05,1 gr,BELUM TERSEDIA,1
2025-12-29 10:07:05,2 gr,BELUM TERSEDIA,1
2025-12-29 10:07:05,3 gr,BELUM TERSEDIA,1
2025-12-29 10:07:05,5 gr,BELUM TERSEDIA,1
2025-12-29 10:07:05,10 gr,BELUM TERSEDIA,1
2025-12-29 10:11:44,0.5 gr,BELUM TERSEDIA,1
2025-12-29 10:11:44,1 gr,BELUM TERSEDIA,1
2025-12-29 10:11:44,2 gr,BELUM TERSEDIA,1
2025-12-29 10:11:44,3 gr,BELUM TERSEDIA,1
2025-12-29 10:11:44,5 gr,BELUM TERSEDIA,1
2025-12-29 10:11:44,10 gr,BELUM TERSEDIA,1
2025-12-29 10:13:16,0.5 gr,BELUM TERSEDIA,1
2025-12-29 10:13:16,1 gr,BELUM TERSEDIA,1
2025-12-29 10:13:16,2 gr,BELUM TERSEDIA,1
2025-12-29 10:13:16,3 gr,BELUM TERSEDIA,1
2025-12-29 10:13:16,5 gr,BELUM TERSEDIA,1
2025-12-29 10:13:16,10 gr,BELUM TERSEDIA,1
2025-12-29 10:16:08,0.5 gr,BELUM TERSEDIA,1
2025-12-29 10:16:08,1 gr,BELUM TERSEDIA,1
2025-12-29 10:16:08,2 gr,BELUM TERSEDIA,1
2025-12-29 10:16:08,3 gr,BELUM TERSEDIA,1
2025-12-29 10:16:08,5 gr,BELUM TERSEDIA,1
2025-12-29 10:16:08,10 gr,BELUM TERSEDIA,1
2025-12-29 10:17:29,0.5 gr,BELUM TERSEDIA,1
2025-12-29 10:17:29,1 gr,BELUM TERSEDIA,1
2025-12-29 10:17:29,2 gr,BELUM TERSEDIA,1
2025-12-29 10:17:29,3 gr,BELUM TERSEDIA,1
2025-12-29 10:17:29,5 gr,BELUM TERSEDIA,1
2025-12-29 10:17:29,10 gr,BELUM TERSEDIA,1
2025-12-29 10:18:52,0.5 gr,BELUM TERSEDIA,1
2025-12-29 10:18:52,1 gr,BELUM TERSEDIA,1
2025-12-29 10:18:52,2 gr,BELUM TERSEDIA,1
2025-12-29 10:18:52,3 gr,BELUM TERSEDIA,1
2025-12-29 10:18:52,5 gr,BELUM TERSEDIA,1
2025-12-29 10:18:52,10 gr,BELUM TERSEDIA,1
2025-12-29 10:20:15,0.5 gr,BELUM TERSEDIA,1
2025-12-29 10:20:15,1 gr,BELUM TERSEDIA,1
2025-12-29 10:20:15,2 gr,BELUM TERSEDIA,1
2025-12-29 10:20:15,3 gr,BELUM TERSEDIA,1
2025-12-29 10:20:15,5 gr,BELUM TERSEDIA,1
2025-12-29 10:20:15,10 gr,BELUM TERSEDIA,1
2025-12-29 10:21:37,0.5 gr,BELUM TERSEDIA,1
2025-12-29 10:21:37,1 gr,BELUM TERSEDIA,1
2025-12-29 10:21:37,2 gr,BELUM TERSEDIA,1
2025-12-29 10:21:37,3 gr,BELUM TERSEDIA,1
2025-12-29 10:21:37,5 gr,BELUM TERSEDIA,1
2025-12-29 10:21:37,10 gr,BELUM TERSEDIA,1
2025-12-29 10:24:37,0.5 gr,BELUM TERSEDIA,1
2025-12-29 10:24:37,1 gr,BELUM TERSEDIA,1
2025-12-29 10:24:37,2 gr,BELUM TERSEDIA,1
2025-12-29 10:24:37,3 gr,BELUM TERSEDIA,1
2025-12-29 10:24:37,5 gr,BELUM TERSEDIA,1
2025-12-29 10:24:37,10 gr,BELUM TERSEDIA,1
2025-12-29 10:25:59,0.5 gr,BELUM TERSEDIA,1
2025-12-29 10:25:59,1 gr,BELUM TERSEDIA,1
2025-12-29 10:25:59,2 gr,BELUM TERSEDIA,1
2025-12-29 10:25:59,3 gr,BELUM TERSEDIA,1
2025-12-29 10:25:59,5 gr,BELUM TERSEDIA,1
2025-12-29 10:25:59,10 gr,BELUM TERSEDIA,1
2025-12-29 10:27:22,0.5 gr,BELUM TERSEDIA,1
2025-12-29 10:27:22,1 gr,BELUM TERSEDIA,1
2025-12-29 10:27:22,2 gr,BELUM TERSEDIA,1
2025-12-29 10:27:22,3 gr,BELUM TERSEDIA,1
2025-12-29 10:27:22,5 gr,BELUM TERSEDIA,1
2025-12-29 10:27:22,10 gr,BELUM TERSEDIA,1
2025-12-29 10:29:47,0.5 gr,BELUM TERSEDIA,1
2025-12-29 10:29:47,1 gr,BELUM TERSEDIA,1
2025-12-29 10:29:47,2 gr,BELUM TERSEDIA,1
2025-12-29 10:29:47,3 gr,BELUM TERSEDIA,1
2025-12-29 10:29:47,5 gr,BELUM TERSEDIA,1
2025-12-29 10:29:47,10 gr,BELUM TERSEDIA,1
2025-12-29 10:31:09,0.5 gr,BELUM TERSEDIA,1
2025-12-29 10:31:09,1 gr,BELUM TERSEDIA,1
2025-12-29 10:31:09,2 gr,BELUM TERSEDIA,1
2025-12-29 10:31:09,3 gr,BELUM TERSEDIA,1
2025-12-29 10:31:09,5 gr,BELUM TERSEDIA,1
2025-12-29 10:31:09,10 gr,BELUM TERSEDIA,1
2025-12-29 10:32:49,0.5 gr,BELUM TERSEDIA,1
2025-12-29 10:32:49,1 gr,BELUM TERSEDIA,1
2025-12-29 10:32:49,2 gr,BELUM TERSEDIA,1
2025-12-29 10:32:49,3 gr,BELUM TERSEDIA,1
2025-12-29 10:32:49,5 gr,BELUM TERSEDIA,1
2025-12-29 10:32:49,10 gr,BELUM TERSEDIA,1
2025-12-29 10:34:12,0.5 gr,BELUM TERSEDIA,1
2025-12-29 10:34:12,1 gr,BELUM TERSEDIA,1
2025-12-29 10:34:12,2 gr,BELUM TERSEDIA,1
2025-12-29 10:34:12,3 gr,BELUM TERSEDIA,1
2025-12-29 10:34:12,5 gr,BELUM TERSEDIA,1
2025-12-29 10:34:12,10 gr,BELUM TERSEDIA,1
2025-12-29 10:35:37,0.5 gr,BELUM TERSEDIA,1
2025-12-29 10:35:37,1 gr,BELUM TERSEDIA,1
2025-12-29 10:35:37,2 gr,BELUM TERSEDIA,1
2025-12-29 10:35:37,3 gr,BELUM TERSEDIA,1
2025-12-29 10:35:37,5 gr,BELUM TERSEDIA,1
2025-12-29 10:35:37,10 gr,BELUM TERSEDIA,1
2025-12-29 10:37:05,0.5 gr,BELUM TERSEDIA,1
2025-12-29 10:37:05,1 gr,BELUM TERSEDIA,1
2025-12-29 10:37:05,2 gr,BELUM TERSEDIA,1
2025-12-29 10:37:05,3 gr,BELUM TERSEDIA,1
2025-12-29 10:37:05,5 gr,BELUM TERSEDIA,1
2025-12-29 10:37:05,10 gr,BELUM TERSEDIA,1
2025-12-29 10:38:28,0.5 gr,BELUM TERSEDIA,1
2025-12-29 10:38:28,1 gr,BELUM TERSEDIA,1
2025-12-29 10:38:28,2 gr,BELUM TERSEDIA,1
2025-12-29 10:38:28,3 gr,BELUM TERSEDIA,1
2025-12-29 10:38:28,5 gr,BELUM TERSEDIA,1
2025-12-29 10:38:28,10 gr,BELUM TERSEDIA,1
2025-12-29 10:39:50,0.5 gr,BELUM TERSEDIA,1
2025-12-29 10:39:50,1 gr,BELUM TERSEDIA,1
2025-12-29 10:39:50,2 gr,BELUM TERSEDIA,1
2025-12-29 10:39:50,3 gr,BELUM TERSEDIA,1
2025-12-29 10:39:50,5 gr,BELUM TERSEDIA,1
2025-12-29 10:39:50,10 gr,BELUM TERSEDIA,1
2025-12-29 10:41:12,0.5 gr,BELUM TERSEDIA,1
2025-12-29 10:41:12,1 gr,BELUM TERSEDIA,1
2025-12-29 10:41:12,2 gr,BELUM TERSEDIA,1
2025-12-29 10:41:12,3 gr,BELUM TERSEDIA,1
2025-12-29 10:41:12,5 gr,BELUM TERSEDIA,1
2025-12-29 10:41:12,10 gr,BELUM TERSEDIA,1
2025-12-29 10:42:34,0.5 gr,BELUM TERSEDIA,1
2025-12-29 10:42:34,1 gr,BELUM TERSEDIA,1
2025-12-29 10:42:34,2 gr,BELUM TERSEDIA,1
2025-12-29 10:42:34,3 gr,BELUM TERSEDIA,1
2025-12-29 10:42:34,5 gr,BELUM TERSEDIA,1
2025-12-29 10:42:34,10 gr,BELUM TERSEDIA,1
2025-12-29 10:44:06,0.5 gr,BELUM TERSEDIA,1
2025-12-29 10:44:06,1 gr,BELUM TERSEDIA,1
2025-12-29 10:44:06,2 gr,BELUM TERSEDIA,1
2025-12-29 10:44:06,3 gr,BELUM TERSEDIA,1
2025-12-29 10:44:06,5 gr,BELUM TERSEDIA,1
2025-12-29 10:44:06,10 gr,BELUM TERSEDIA,1
2025-12-29 10:45:33,0.5 gr,BELUM TERSEDIA,1
2025-12-29 10:45:33,1 gr,BELUM TERSEDIA,1
2025-12-29 10:45:33,2 gr,BELUM TERSEDIA,1
2025-12-29 10:45:33,3 gr,BELUM TERSEDIA,1
2025-12-29 10:45:33,5 gr,BELUM TERSEDIA,1
2025-12-29 10:45:33,10 gr,BELUM TERSEDIA,1
2025-12-29 10:47:12,0.5 gr,BELUM TERSEDIA,1
2025-12-29 10:47:12,1 gr,BELUM TERSEDIA,1
2025-12-29 10:47:12,2 gr,BELUM TERSEDIA,1
2025-12-29 10:47:12,3 gr,BELUM TERSEDIA,1
2025-12-29 10:47:12,5 gr,BELUM TERSEDIA,1
2025-12-29 10:47:12,10 gr,BELUM TERSEDIA,1
2025-12-29 10:48:38,0.5 gr,BELUM TERSEDIA,1
2025-12-29 10:48:38,1 gr,BELUM TERSEDIA,1
2025-12-29 10:48:38,2 gr,BELUM TERSEDIA,1
2025-12-29 10:48:38,3 gr,BELUM TERSEDIA,1
2025-12-29 10:48:38,5 gr,BELUM TERSEDIA,1
2025-12-29 10:48:38,10 gr,BELUM TERSEDIA,1
2025-12-29 10:50:00,0.5 gr,BELUM TERSEDIA,1
2025-12-29 10:50:00,1 gr,BELUM TERSEDIA,1
2025-12-29 10:50:00,2 gr,BELUM TERSEDIA,1
2025-12-29 10:50:00,3 gr,BELUM TERSEDIA,1
2025-12-29 10:50:00,5 gr,BELUM TERSEDIA,1
2025-12-29 10:50:00,10 gr,BELUM TERSEDIA,1
2025-12-29 10:51:31,0.5 gr,BELUM TERSEDIA,1
2025-12-29 10:51:31,1 gr,BELUM TERSEDIA,1
2025-12-29 10:51:31,2 gr,BELUM TERSEDIA,1
2025-12-29 10:51:31,3 gr,BELUM TERSEDIA,1
2025-12-29 10:51:31,5 gr,BELUM TERSEDIA,1
2025-12-29 10:51:31,10 gr,BELUM TERSEDIA,1
2025-12-29 10:52:52,0.5 gr,BELUM TERSEDIA,1
2025-12-29 10:52:52,1 gr,BELUM TERSEDIA,1
2025-12-29 10:52:52,2 gr,BELUM TERSEDIA,1
2025-12-29 10:52:52,3 gr,BELUM TERSEDIA,1
2025-12-29 10:52:52,5 gr,BELUM TERSEDIA,1
2025-12-29 10:52:52,10 gr,BELUM TERSEDIA,1
2025-12-29 10:54:16,0.5 gr,BELUM TERSEDIA,1
2025-12-29 10:54:16,1 gr,BELUM TERSEDIA,1
2025-12-29 10:54:16,2 gr,BELUM TERSEDIA,1
2025-12-29 10:54:16,3 gr,BELUM TERSEDIA,1
2025-12-29 10:54:16,5 gr,BELUM TERSEDIA,1
2025-12-29 10:54:16,10 gr,BELUM TERSEDIA,1
2025-12-29 10:55:48,0.5 gr,BELUM TERSEDIA,1
2025-12-29 10:55:48,1 gr,BELUM TERSEDIA,1
2025-12-29 10:55:48,2 gr,BELUM TERSEDIA,1
2025-12-29 10:55:48,3 gr,BELUM TERSEDIA,1
2025-12-29 10:55:48,5 gr,BELUM TERSEDIA,1
2025-12-29 10:55:48,10 gr,BELUM TERSEDIA,1
2025-12-29 10:57:10,0.5 gr,BELUM TERSEDIA,1
2025-12-29 10:57:10,1 gr,BELUM TERSEDIA,1
2025-12-29 10:57:10,2 gr,BELUM TERSEDIA,1
2025-12-29 10:57:10,3 gr,BELUM TERSEDIA,1
2025-12-29 10:57:10,5 gr,BELUM TERSEDIA,1
2025-12-29 10:57:10,10 gr,BELUM TERSEDIA,1
2025-12-29 10:58:35,0.5 gr,BELUM TERSEDIA,1
2025-12-29 10:58:35,1 gr,BELUM TERSEDIA,1
2025-12-29 10:58:35,2 gr,BELUM TERSEDIA,1
2025-12-29 10:58:35,3 gr,BELUM TERSEDIA,1
2025-12-29 10:58:35,5 gr,BELUM TERSEDIA,1
2025-12-29 10:58:35,10 gr,BELUM TERSEDIA,1
2025-12-29 11:00:13,0.5 gr,BELUM TERSEDIA,1
2025-12-29 11:00:13,1 gr,BELUM TERSEDIA,1
2025-12-29 11:00:13,2 gr,BELUM TERSEDIA,1
2025-12-29 11:00:13,3 gr,BELUM TERSEDIA,1
2025-12-29 11:00:13,5 gr,BELUM TERSEDIA,1
2025-12-29 11:00:13,10 gr,BELUM TERSEDIA,1
2025-12-29 11:01:36,0.5 gr,BELUM TERSEDIA,1
2025-12-29 11:01:36,1 gr,BELUM TERSEDIA,1
2025-12-29 11:01:36,2 gr,BELUM TERSEDIA,1
2025-12-29 11:01:36,3 gr,BELUM TERSEDIA,1
2025-12-29 11:01:36,5 gr,BELUM TERSEDIA,1
2025-12-29 11:01:36,10 gr,BELUM TERSEDIA,1
2025-12-29 11:02:59,0.5 gr,BELUM TERSEDIA,1
2025-12-29 11:02:59,1 gr,BELUM TERSEDIA,1
2025-12-29 11:02:59,2 gr,BELUM TERSEDIA,1
2025-12-29 11:02:59,3 gr,BELUM TERSEDIA,1
2025-12-29 11:02:59,5 gr,BELUM TERSEDIA,1
2025-12-29 11:02:59,10 gr,BELUM TERSEDIA,1
2025-12-29 11:04:24,0.5 gr,BELUM TERSEDIA,1
2025-12-29 11:04:24,1 gr,BELUM TERSEDIA,1
2025-12-29 11:04:24,2 gr,BELUM TERSEDIA,1
2025-12-29 11:04:24,3 gr,BELUM TERSEDIA,1
2025-12-29 11:04:24,5 gr,BELUM TERSEDIA,1
2025-12-29 11:04:24,10 gr,BELUM TERSEDIA,1
2025-12-29 11:05:46,0.5 gr,BELUM TERSEDIA,1
2025-12-29 11:05:46,1 gr,BELUM TERSEDIA,1
2025-12-29 11:05:46,2 gr,BELUM TERSEDIA,1
2025-12-29 11:05:46,3 gr,BELUM TERSEDIA,1
2025-12-29 11:05:46,5 gr,BELUM TERSEDIA,1
2025-12-29 11:05:46,10 gr,BELUM TERSEDIA,1
2025-12-29 11:07:09,0.5 gr,BELUM TERSEDIA,1
2025-12-29 11:07:09,1 gr,BELUM TERSEDIA,1
2025-12-29 11:07:09,2 gr,BELUM TERSEDIA,1
2025-12-29 11:07:09,3 gr,BELUM TERSEDIA,1
2025-12-29 11:07:09,5 gr,BELUM TERSEDIA,1
2025-12-29 11:07:09,10 gr,BELUM TERSEDIA,1
2025-12-29 11:08:34,0.5 gr,BELUM TERSEDIA,1
2025-12-29 11:08:34,1 gr,BELUM TERSEDIA,1
2025-12-29 11:08:34,2 gr,BELUM TERSEDIA,1
2025-12-29 11:08:34,3 gr,BELUM TERSEDIA,1
2025-12-29 11:08:34,5 gr,BELUM TERSEDIA,1
2025-12-29 11:08:34,10 gr,BELUM TERSEDIA,1
2025-12-29 11:09:57,0.5 gr,BELUM TERSEDIA,1
2025-12-29 11:09:57,1 gr,BELUM TERSEDIA,1
2025-12-29 11:09:57,2 gr,BELUM TERSEDIA,1
2025-12-29 11:09:57,3 gr,BELUM TERSEDIA,1
2025-12-29 11:09:57,5 gr,BELUM TERSEDIA,1
2025-12-29 11:09:57,10 gr,BELUM TERSEDIA,1
2025-12-29 11:11:22,0.5 gr,BELUM TERSEDIA,1
2025-12-29 11:11:22,1 gr,BELUM TERSEDIA,1
2025-12-29 11:11:22,2 gr,BELUM TERSEDIA,1
2025-12-29 11:11:22,3 gr,BELUM TERSEDIA,1
2025-12-29 11:11:22,5 gr,BELUM TERSEDIA,1
2025-12-29 11:11:22,10 gr,BELUM TERSEDIA,1
2025-12-29 11:12:53,0.5 gr,BELUM TERSEDIA,1
2025-12-29 11:12:53,1 gr,BELUM TERSEDIA,1
2025-12-29 11:12:53,2 gr,BELUM TERSEDIA,1
2025-12-29 11:12:53,3 gr,BELUM TERSEDIA,1
2025-12-29 11:12:53,5 gr,BELUM TERSEDIA,1
2025-12-29 11:12:53,10 gr,BELUM TERSEDIA,1
2025-12-29 11:14:18,0.5 gr,BELUM TERSEDIA,1
2025-12-29 11:14:18,1 gr,BELUM TERSEDIA,1
2025-12-29 11:14:18,2 gr,BELUM TERSEDIA,1
2025-12-29 11:14:18,3 gr,BELUM TERSEDIA,1
2025-12-29 11:14:18,5 gr,BELUM TERSEDIA,1
2025-12-29 11:14:18,10 gr,BELUM TERSEDIA,1
2025-12-29 11:15:45,0.5 gr,BELUM TERSEDIA,1
2025-12-29 11:15:45,1 gr,BELUM TERSEDIA,1
2025-12-29 11:15:45,2 gr,BELUM TERSEDIA,1
2025-12-29 11:15:45,3 gr,BELUM TERSEDIA,1
2025-12-29 11:15:45,5 gr,BELUM TERSEDIA,1
2025-12-29 11:15:45,10 gr,BELUM TERSEDIA,1
2025-12-29 11:17:08,0.5 gr,BELUM TERSEDIA,1
2025-12-29 11:17:08,1 gr,BELUM TERSEDIA,1
2025-12-29 11:17:08,2 gr,BELUM TERSEDIA,1
2025-12-29 11:17:08,3 gr,BELUM TERSEDIA,1
2025-12-29 11:17:08,5 gr,BELUM TERSEDIA,1
2025-12-29 11:17:08,10 gr,BELUM TERSEDIA,1
2025-12-29 11:18:32,0.5 gr,BELUM TERSEDIA,1
2025-12-29 11:18:32,1 gr,BELUM TERSEDIA,1
2025-12-29 11:18:32,2 gr,BELUM TERSEDIA,1
2025-12-29 11:18:32,3 gr,BELUM TERSEDIA,1
2025-12-29 11:18:32,5 gr,BELUM TERSEDIA,1
2025-12-29 11:18:32,10 gr,BELUM TERSEDIA,1
2025-12-29 11:20:03,0.5 gr,BELUM TERSEDIA,1
2025-12-29 11:20:03,1 gr,BELUM TERSEDIA,1
2025-12-29 11:20:03,2 gr,BELUM TERSEDIA,1
2025-12-29 11:20:03,3 gr,BELUM TERSEDIA,1
2025-12-29 11:20:03,5 gr,BELUM TERSEDIA,1
2025-12-29 11:20:03,10 gr,BELUM TERSEDIA,1
2025-12-29 11:21:27,0.5 gr,BELUM TERSEDIA,1
2025-12-29 11:21:27,1 gr,BELUM TERSEDIA,1
2025-12-29 11:21:27,2 gr,BELUM TERSEDIA,1
2025-12-29 11:21:27,3 gr,BELUM TERSEDIA,1
2025-12-29 11:21:27,5 gr,BELUM TERSEDIA,1
2025-12-29 11:21:27,10 gr,BELUM TERSEDIA,1
2025-12-29 11:22:56,0.5 gr,BELUM TERSEDIA,1
2025-12-29 11:22:56,1 gr,BELUM TERSEDIA,1
2025-12-29 11:22:56,2 gr,BELUM TERSEDIA,1
2025-12-29 11:22:56,3 gr,BELUM TERSEDIA,1
2025-12-29 11:22:56,5 gr,BELUM TERSEDIA,1
2025-12-29 11:22:56,10 gr,BELUM TERSEDIA,1
2025-12-29 11:24:18,0.5 gr,BELUM TERSEDIA,1
2025-12-29 11:24:18,1 gr,BELUM TERSEDIA,1
2025-12-29 11:24:18,2 gr,BELUM TERSEDIA,1
2025-12-29 11:24:18,3 gr,BELUM TERSEDIA,1
2025-12-29 11:24:18,5 gr,BELUM TERSEDIA,1
2025-12-29 11:24:18,10 gr,BELUM TERSEDIA,1
2025-12-29 11:25:42,0.5 gr,BELUM TERSEDIA,1
2025-12-29 11:25:42,1 gr,BELUM TERSEDIA,1
2025-12-29 11:25:42,2 gr,BELUM TERSEDIA,1
2025-12-29 11:25:42,3 gr,BELUM TERSEDIA,1
2025-12-29 11:25:42,5 gr,BELUM TERSEDIA,1
2025-12-29 11:25:42,10 gr,BELUM TERSEDIA,1
2025-12-29 11:27:04,0.5 gr,BELUM TERSEDIA,1
2025-12-29 11:27:04,1 gr,BELUM TERSEDIA,1
2025-12-29 11:27:04,2 gr,BELUM TERSEDIA,1
2025-12-29 11:27:04,3 gr,BELUM TERSEDIA,1
2025-12-29 11:27:04,5 gr,BELUM TERSEDIA,1
2025-12-29 11:27:04,10 gr,BELUM TERSEDIA,1
2025-12-29 11:28:32,0.5 gr,BELUM TERSEDIA,1
2025-12-29 11:28:32,1 gr,BELUM TERSEDIA,1
2025-12-29 11:28:32,2 gr,BELUM TERSEDIA,1
2025-12-29 11:28:32,3 gr,BELUM TERSEDIA,1
2025-12-29 11:28:32,5 gr,BELUM TERSEDIA,1
2025-12-29 11:28:32,10 gr,BELUM TERSEDIA,1
2025-12-29 11:29:57,0.5 gr,BELUM TERSEDIA,1
2025-12-29 11:29:57,1 gr,BELUM TERSEDIA,1
2025-12-29 11:29:57,2 gr,BELUM TERSEDIA,1
2025-12-29 11:29:57,3 gr,BELUM TERSEDIA,1
2025-12-29 11:29:57,5 gr,BELUM TERSEDIA,1
2025-12-29 11:29:57,10 gr,BELUM TERSEDIA,1
2025-12-29 11:31:29,0.5 gr,BELUM TERSEDIA,1
2025-12-29 11:31:29,1 gr,BELUM TERSEDIA,1
2025-12-29 11:31:29,2 gr,BELUM TERSEDIA,1
2025-12-29 11:31:29,3 gr,BELUM TERSEDIA,1
2025-12-29 11:31:29,5 gr,BELUM TERSEDIA,1
2025-12-29 11:31:29,10 gr,BELUM TERSEDIA,1
2025-12-29 11:32:53,0.5 gr,BELUM TERSEDIA,1
2025-12-29 11:32:53,1 gr,BELUM TERSEDIA,1
2025-12-29 11:32:53,2 gr,BELUM TERSEDIA,1
2025-12-29 11:32:53,3 gr,BELUM TERSEDIA,1
2025-12-29 11:32:53,5 gr,BELUM TERSEDIA,1
2025-12-29 11:32:53,10 gr,BELUM TERSEDIA,1
2025-12-29 11:34:18,0.5 gr,BELUM TERSEDIA,1
2025-12-29 11:34:18,1 gr,BELUM TERSEDIA,1
2025-12-29 11:34:18,2 gr,BELUM TERSEDIA,1
2025-12-29 11:34:18,3 gr,BELUM TERSEDIA,1
2025-12-29 11:34:18,5 gr,BELUM TERSEDIA,1
2025-12-29 11:34:18,10 gr,BELUM TERSEDIA,1
2025-12-29 11:35:43,0.5 gr,BELUM TERSEDIA,1
2025-12-29 11:35:43,1 gr,BELUM TERSEDIA,1
2025-12-29 11:35:43,2 gr,BELUM TERSEDIA,1
2025-12-29 11:35:43,3 gr,BELUM TERSEDIA,1
2025-12-29 11:35:43,5 gr,BELUM TERSEDIA,1
2025-12-29 11:35:43,10 gr,BELUM TERSEDIA,1
2025-12-29 11:37:15,0.5 gr,BELUM TERSEDIA,1
2025-12-29 11:37:15,1 gr,BELUM TERSEDIA,1
2025-12-29 11:37:15,2 gr,BELUM TERSEDIA,1
2025-12-29 11:37:15,3 gr,BELUM TERSEDIA,1
2025-12-29 11:37:15,5 gr,BELUM TERSEDIA,1
2025-12-29 11:37:15,10 gr,BELUM TERSEDIA,1
2025-12-29 11:38:40,0.5 gr,BELUM TERSEDIA,1
2025-12-29 11:38:40,1 gr,BELUM TERSEDIA,1
2025-12-29 11:38:40,2 gr,BELUM TERSEDIA,1
2025-12-29 11:38:40,3 gr,BELUM TERSEDIA,1
2025-12-29 11:38:40,5 gr,BELUM TERSEDIA,1
2025-12-29 11:38:40,10 gr,BELUM TERSEDIA,1
2025-12-29 11:40:07,0.5 gr,BELUM TERSEDIA,1
2025-12-29 11:40:07,1 gr,BELUM TERSEDIA,1
2025-12-29 11:40:07,2 gr,BELUM TERSEDIA,1
2025-12-29 11:40:07,3 gr,BELUM TERSEDIA,1
2025-12-29 11:40:07,5 gr,BELUM TERSEDIA,1
2025-12-29 11:40:07,10 gr,BELUM TERSEDIA,1
2025-12-29 11:41:48,0.5 gr,BELUM TERSEDIA,1
2025-12-29 11:41:48,1 gr,BELUM TERSEDIA,1
2025-12-29 11:41:48,2 gr,BELUM TERSEDIA,1
2025-12-29 11:41:48,3 gr,BELUM TERSEDIA,1
2025-12-29 11:41:48,5 gr,BELUM TERSEDIA,1
2025-12-29 11:41:48,10 gr,BELUM TERSEDIA,1
2025-12-29 11:43:16,0.5 gr,BELUM TERSEDIA,1
2025-12-29 11:43:16,1 gr,BELUM TERSEDIA,1
2025-12-29 11:43:16,2 gr,BELUM TERSEDIA,1
2025-12-29 11:43:16,3 gr,BELUM TERSEDIA,1
2025-12-29 11:43:16,5 gr,BELUM TERSEDIA,1
2025-12-29 11:43:16,10 gr,BELUM TERSEDIA,1
2025-12-29 11:44:43,0.5 gr,BELUM TERSEDIA,1
2025-12-29 11:44:43,1 gr,BELUM TERSEDIA,1
2025-12-29 11:44:43,2 gr,BELUM TERSEDIA,1
2025-12-29 11:44:43,3 gr,BELUM TERSEDIA,1
2025-12-29 11:44:43,5 gr,BELUM TERSEDIA,1
2025-12-29 11:44:43,10 gr,BELUM TERSEDIA,1
2025-12-29 11:46:07,0.5 gr,BELUM TERSEDIA,1
2025-12-29 11:46:07,1 gr,BELUM TERSEDIA,1
2025-12-29 11:46:07,2 gr,BELUM TERSEDIA,1
2025-12-29 11:46:07,3 gr,BELUM TERSEDIA,1
2025-12-29 11:46:07,5 gr,BELUM TERSEDIA,1
2025-12-29 11:46:07,10 gr,BELUM TERSEDIA,1
2025-12-29 11:48:31,0.5 gr,BELUM TERSEDIA,1
2025-12-29 11:48:31,1 gr,BELUM TERSEDIA,1
2025-12-29 11:48:31,2 gr,BELUM TERSEDIA,1
2025-12-29 11:48:31,3 gr,BELUM TERSEDIA,1
2025-12-29 11:48:31,5 gr,BELUM TERSEDIA,1
2025-12-29 11:48:31,10 gr,BELUM TERSEDIA,1
2025-12-29 11:49:52,0.5 gr,BELUM TERSEDIA,1
2025-12-29 11:49:52,1 gr,BELUM TERSEDIA,1
2025-12-29 11:49:52,2 gr,BELUM TERSEDIA,1
2025-12-29 11:49:52,3 gr,BELUM TERSEDIA,1
2025-12-29 11:49:52,5 gr,BELUM TERSEDIA,1
2025-12-29 11:49:52,10 gr,BELUM TERSEDIA,1
2025-12-29 11:51:24,0.5 gr,BELUM TERSEDIA,1
2025-12-29 11:51:24,1 gr,BELUM TERSEDIA,1
2025-12-29 11:51:24,2 gr,BELUM TERSEDIA,1
2025-12-29 11:51:24,3 gr,BELUM TERSEDIA,1
2025-12-29 11:51:24,5 gr,BELUM TERSEDIA,1
2025-12-29 11:51:24,10 gr,BELUM TERSEDIA,1
2025-12-29 11:52:48,0.5 gr,BELUM TERSEDIA,1
2025-12-29 11:52:48,1 gr,BELUM TERSEDIA,1
2025-12-29 11:52:48,2 gr,BELUM TERSEDIA,1
2025-12-29 11:52:48,3 gr,BELUM TERSEDIA,1
2025-12-29 11:52:48,5 gr,BELUM TERSEDIA,1
2025-12-29 11:52:48,10 gr,BELUM TERSEDIA,1
2025-12-29 11:54:11,0.5 gr,BELUM TERSEDIA,1
2025-12-29 11:54:11,1 gr,BELUM TERSEDIA,1
2025-12-29 11:54:11,2 gr,BELUM TERSEDIA,1
2025-12-29 11:54:11,3 gr,BELUM TERSEDIA,1
2025-12-29 11:54:11,5 gr,BELUM TERSEDIA,1
2025-12-29 11:54:11,10 gr,BELUM TERSEDIA,1
2025-12-29 11:55:45,0.5 gr,BELUM TERSEDIA,1
2025-12-29 11:55:45,1 gr,BELUM TERSEDIA,1
2025-12-29 11:55:45,2 gr,BELUM TERSEDIA,1
2025-12-29 11:55:45,3 gr,BELUM TERSEDIA,1
2025-12-29 11:55:45,5 gr,BELUM TERSEDIA,1
2025-12-29 11:55:45,10 gr,BELUM TERSEDIA,1
2025-12-29 11:57:07,0.5 gr,BELUM TERSEDIA,1
2025-12-29 11:57:07,1 gr,BELUM TERSEDIA,1
2025-12-29 11:57:07,2 gr,BELUM TERSEDIA,1
2025-12-29 11:57:07,3 gr,BELUM TERSEDIA,1
2025-12-29 11:57:07,5 gr,BELUM TERSEDIA,1
2025-12-29 11:57:07,10 gr,BELUM TERSEDIA,1
2025-12-29 11:59:22,0.5 gr,BELUM TERSEDIA,1
2025-12-29 11:59:22,1 gr,BELUM TERSEDIA,1
2025-12-29 11:59:22,2 gr,BELUM TERSEDIA,1
2025-12-29 11:59:22,3 gr,BELUM TERSEDIA,1
2025-12-29 11:59:22,5 gr,BELUM TERSEDIA,1
2025-12-29 11:59:22,10 gr,BELUM TERSEDIA,1
2025-12-29 12:00:43,0.5 gr,BELUM TERSEDIA,1
2025-12-29 12:00:43,1 gr,BELUM TERSEDIA,1
2025-12-29 12:00:43,2 gr,BELUM TERSEDIA,1
2025-12-29 12:00:43,3 gr,BELUM TERSEDIA,1
2025-12-29 12:00:43,5 gr,BELUM TERSEDIA,1
2025-12-29 12:00:43,10 gr,BELUM TERSEDIA,1
2025-12-29 12:02:05,0.5 gr,BELUM TERSEDIA,1
2025-12-29 12:02:05,1 gr,BELUM TERSEDIA,1
2025-12-29 12:02:05,2 gr,BELUM TERSEDIA,1
2025-12-29 12:02:05,3 gr,BELUM TERSEDIA,1
2025-12-29 12:02:05,5 gr,BELUM TERSEDIA,1
2025-12-29 12:02:05,10 gr,BELUM TERSEDIA,1
2025-12-29 12:03:40,0.5 gr,BELUM TERSEDIA,1
2025-12-29 12:03:40,1 gr,BELUM TERSEDIA,1
2025-12-29 12:03:40,2 gr,BELUM TERSEDIA,1
2025-12-29 12:03:40,3 gr,BELUM TERSEDIA,1
2025-12-29 12:03:40,5 gr,BELUM TERSEDIA,1
2025-12-29 12:03:40,10 gr,BELUM TERSEDIA,1
2025-12-29 12:05:04,0.5 gr,BELUM TERSEDIA,1
2025-12-29 12:05:04,1 gr,BELUM TERSEDIA,1
2025-12-29 12:05:04,2 gr,BELUM TERSEDIA,1
2025-12-29 12:05:04,3 gr,BELUM TERSEDIA,1
2025-12-29 12:05:04,5 gr,BELUM TERSEDIA,1
2025-12-29 12:05:04,10 gr,BELUM TERSEDIA,1
2025-12-29 12:06:27,0.5 gr,BELUM TERSEDIA,1
2025-12-29 12:06:27,1 gr,BELUM TERSEDIA,1
2025-12-29 12:06:27,2 gr,BELUM TERSEDIA,1
2025-12-29 12:06:27,3 gr,BELUM TERSEDIA,1
2025-12-29 12:06:27,5 gr,BELUM TERSEDIA,1
2025-12-29 12:06:27,10 gr,BELUM TERSEDIA,1
2025-12-29 12:07:50,0.5 gr,BELUM TERSEDIA,1
2025-12-29 12:07:50,1 gr,BELUM TERSEDIA,1
2025-12-29 12:07:50,2 gr,BELUM TERSEDIA,1
2025-12-29 12:07:50,3 gr,BELUM TERSEDIA,1
2025-12-29 12:07:50,5 gr,BELUM TERSEDIA,1
2025-12-29 12:07:50,10 gr,BELUM TERSEDIA,1
2025-12-29 12:09:11,0.5 gr,BELUM TERSEDIA,1
2025-12-29 12:09:11,1 gr,BELUM TERSEDIA,1
2025-12-29 12:09:11,2 gr,BELUM TERSEDIA,1
2025-12-29 12:09:11,3 gr,BELUM TERSEDIA,1
2025-12-29 12:09:11,5 gr,BELUM TERSEDIA,1
2025-12-29 12:09:11,10 gr,BELUM TERSEDIA,1
2025-12-29 12:10:35,0.5 gr,BELUM TERSEDIA,1
2025-12-29 12:10:35,1 gr,BELUM TERSEDIA,1
2025-12-29 12:10:35,2 gr,BELUM TERSEDIA,1
2025-12-29 12:10:35,3 gr,BELUM TERSEDIA,1
2025-12-29 12:10:35,5 gr,BELUM TERSEDIA,1
2025-12-29 12:10:35,10 gr,BELUM TERSEDIA,1
2025-12-29 12:11:57,0.5 gr,BELUM TERSEDIA,1
2025-12-29 12:11:57,1 gr,BELUM TERSEDIA,1
2025-12-29 12:11:57,2 gr,BELUM TERSEDIA,1
2025-12-29 12:11:57,3 gr,BELUM TERSEDIA,1
2025-12-29 12:11:57,5 gr,BELUM TERSEDIA,1
2025-12-29 12:11:57,10 gr,BELUM TERSEDIA,1
2025-12-29 12:13:26,0.5 gr,BELUM TERSEDIA,1
2025-12-29 12:13:26,1 gr,BELUM TERSEDIA,1
2025-12-29 12:13:26,2 gr,BELUM TERSEDIA,1
2025-12-29 12:13:26,3 gr,BELUM TERSEDIA,1
2025-12-29 12:13:26,5 gr,BELUM TERSEDIA,1
2025-12-29 12:13:26,10 gr,BELUM TERSEDIA,1
2025-12-29 12:14:49,0.5 gr,BELUM TERSEDIA,1
2025-12-29 12:14:49,1 gr,BELUM TERSEDIA,1
2025-12-29 12:14:49,2 gr,BELUM TERSEDIA,1
2025-12-29 12:14:49,3 gr,BELUM TERSEDIA,1
2025-12-29 12:14:49,5 gr,BELUM TERSEDIA,1
2025-12-29 12:14:49,10 gr,BELUM TERSEDIA,1
2025-12-29 12:16:12,0.5 gr,BELUM TERSEDIA,1
2025-12-29 12:16:12,1 gr,BELUM TERSEDIA,1
2025-12-29 12:16:12,2 gr,BELUM TERSEDIA,1
2025-12-29 12:16:12,3 gr,BELUM TERSEDIA,1
2025-12-29 12:16:12,5 gr,BELUM TERSEDIA,1
2025-12-29 12:16:12,10 gr,BELUM TERSEDIA,1
2025-12-29 12:17:45,0.5 gr,BELUM TERSEDIA,1
2025-12-29 12:17:45,1 gr,BELUM TERSEDIA,1
2025-12-29 12:17:45,2 gr,BELUM TERSEDIA,1
2025-12-29 12:17:45,3 gr,BELUM TERSEDIA,1
2025-12-29 12:17:45,5 gr,BELUM TERSEDIA,1
2025-12-29 12:17:45,10 gr,BELUM TERSEDIA,1
2025-12-29 12:19:07,0.5 gr,BELUM TERSEDIA,1
2025-12-29 12:19:07,1 gr,BELUM TERSEDIA,1
2025-12-29 12:19:07,2 gr,BELUM TERSEDIA,1
2025-12-29 12:19:07,3 gr,BELUM TERSEDIA,1
2025-12-29 12:19:07,5 gr,BELUM TERSEDIA,1
2025-12-29 12:19:07,10 gr,BELUM TERSEDIA,1
2025-12-29 12:21:50,0.5 gr,BELUM TERSEDIA,1
2025-12-29 12:21:50,1 gr,BELUM TERSEDIA,1
2025-12-29 12:21:50,2 gr,BELUM TERSEDIA,1
2025-12-29 12:21:50,3 gr,BELUM TERSEDIA,1
2025-12-29 12:21:50,5 gr,BELUM TERSEDIA,1
2025-12-29 12:21:50,10 gr,BELUM TERSEDIA,1
2025-12-29 12:23:17,0.5 gr,BELUM TERSEDIA,1
2025-12-29 12:23:17,1 gr,BELUM TERSEDIA,1
2025-12-29 12:23:17,2 gr,BELUM TERSEDIA,1
2025-12-29 12:23:17,3 gr,BELUM TERSEDIA,1
2025-12-29 12:23:17,5 gr,BELUM TERSEDIA,1
2025-12-29 12:23:17,10 gr,BELUM TERSEDIA,1
2025-12-29 12:24:50,0.5 gr,BELUM TERSEDIA,1
2025-12-29 12:24:50,1 gr,BELUM TERSEDIA,1
2025-12-29 12:24:50,2 gr,BELUM TERSEDIA,1
2025-12-29 12:24:50,3 gr,BELUM TERSEDIA,1
2025-12-29 12:24:50,5 gr,BELUM TERSEDIA,1
2025-12-29 12:24:50,10 gr,BELUM TERSEDIA,1
2025-12-29 12:26:13,0.5 gr,BELUM TERSEDIA,1
2025-12-29 12:26:13,1 gr,BELUM TERSEDIA,1
2025-12-29 12:26:13,2 gr,BELUM TERSEDIA,1
2025-12-29 12:26:13,3 gr,BELUM TERSEDIA,1
2025-12-29 12:26:13,5 gr,BELUM TERSEDIA,1
2025-12-29 12:26:13,10 gr,BELUM TERSEDIA,1
2025-12-29 12:27:38,0.5 gr,BELUM TERSEDIA,1
2025-12-29 12:27:38,1 gr,BELUM TERSEDIA,1
2025-12-29 12:27:38,2 gr,BELUM TERSEDIA,1
2025-12-29 12:27:38,3 gr,BELUM TERSEDIA,1
2025-12-29 12:27:38,5 gr,BELUM TERSEDIA,1
2025-12-29 12:27:38,10 gr,BELUM TERSEDIA,1
2025-12-29 12:28:59,0.5 gr,BELUM TERSEDIA,1
2025-12-29 12:28:59,1 gr,BELUM TERSEDIA,1
2025-12-29 12:28:59,2 gr,BELUM TERSEDIA,1
2025-12-29 12:28:59,3 gr,BELUM TERSEDIA,1
2025-12-29 12:28:59,5 gr,BELUM TERSEDIA,1
2025-12-29 12:28:59,10 gr,BELUM TERSEDIA,1
2025-12-29 12:31:41,0.5 gr,BELUM TERSEDIA,1
2025-12-29 12:31:41,1 gr,BELUM TERSEDIA,1
2025-12-29 12:31:41,2 gr,BELUM TERSEDIA,1
2025-12-29 12:31:41,3 gr,BELUM TERSEDIA,1
2025-12-29 12:31:41,5 gr,BELUM TERSEDIA,1
2025-12-29 12:31:41,10 gr,BELUM TERSEDIA,1
2025-12-29 12:33:05,0.5 gr,BELUM TERSEDIA,1
2025-12-29 12:33:05,1 gr,BELUM TERSEDIA,1
2025-12-29 12:33:05,2 gr,BELUM TERSEDIA,1
2025-12-29 12:33:05,3 gr,BELUM TERSEDIA,1
2025-12-29 12:33:05,5 gr,BELUM TERSEDIA,1
2025-12-29 12:33:05,10 gr,BELUM TERSEDIA,1
2025-12-29 12:34:30,0.5 gr,BELUM TERSEDIA,1
2025-12-29 12:34:30,1 gr,BELUM TERSEDIA,1
2025-12-29 12:34:30,2 gr,BELUM TERSEDIA,1
2025-12-29 12:34:30,3 gr,BELUM TERSEDIA,1
2025-12-29 12:34:30,5 gr,BELUM TERSEDIA,1
2025-12-29 12:34:30,10 gr,BELUM TERSEDIA,1
2025-12-29 12:35:51,0.5 gr,BELUM TERSEDIA,1
2025-12-29 12:35:51,1 gr,BELUM TERSEDIA,1
2025-12-29 12:35:51,2 gr,BELUM TERSEDIA,1
2025-12-29 12:35:51,3 gr,BELUM TERSEDIA,1
2025-12-29 12:35:51,5 gr,BELUM TERSEDIA,1
2025-12-29 12:35:51,10 gr,BELUM TERSEDIA,1
2025-12-29 12:37:16,0.5 gr,BELUM TERSEDIA,1
2025-12-29 12:37:16,1 gr,BELUM TERSEDIA,1
2025-12-29 12:37:16,2 gr,BELUM TERSEDIA,1
2025-12-29 12:37:16,3 gr,BELUM TERSEDIA,1
2025-12-29 12:37:16,5 gr,BELUM TERSEDIA,1
2025-12-29 12:37:16,10 gr,BELUM TERSEDIA,1
2025-12-29 12:38:38,0.5 gr,BELUM TERSEDIA,1
2025-12-29 12:38:38,1 gr,BELUM TERSEDIA,1
2025-12-29 12:38:38,2 gr,BELUM TERSEDIA,1
2025-12-29 12:38:38,3 gr,BELUM TERSEDIA,1
2025-12-29 12:38:38,5 gr,BELUM TERSEDIA,1
2025-12-29 12:38:38,10 gr,BELUM TERSEDIA,1
2025-12-29 12:40:02,0.5 gr,BELUM TERSEDIA,1
2025-12-29 12:40:02,1 gr,BELUM TERSEDIA,1
2025-12-29 12:40:02,2 gr,BELUM TERSEDIA,1
2025-12-29 12:40:02,3 gr,BELUM TERSEDIA,1
2025-12-29 12:40:02,5 gr,BELUM TERSEDIA,1
2025-12-29 12:40:02,10 gr,BELUM TERSEDIA,1
2025-12-29 12:41:27,0.5 gr,BELUM TERSEDIA,1
2025-12-29 12:41:27,1 gr,BELUM TERSEDIA,1
2025-12-29 12:41:27,2 gr,BELUM TERSEDIA,1
2025-12-29 12:41:27,3 gr,BELUM TERSEDIA,1
2025-12-29 12:41:27,5 gr,BELUM TERSEDIA,1
2025-12-29 12:41:27,10 gr,BELUM TERSEDIA,1
2025-12-29 12:42:56,0.5 gr,BELUM TERSEDIA,1
2025-12-29 12:42:56,1 gr,BELUM TERSEDIA,1
2025-12-29 12:42:56,2 gr,BELUM TERSEDIA,1
2025-12-29 12:42:56,3 gr,BELUM TERSEDIA,1
2025-12-29 12:42:56,5 gr,BELUM TERSEDIA,1
2025-12-29 12:42:56,10 gr,BELUM TERSEDIA,1
2025-12-29 12:44:21,0.5 gr,BELUM TERSEDIA,1
2025-12-29 12:44:21,1 gr,BELUM TERSEDIA,1
2025-12-29 12:44:21,2 gr,BELUM TERSEDIA,1
2025-12-29 12:44:21,3 gr,BELUM TERSEDIA,1
2025-12-29 12:44:21,5 gr,BELUM TERSEDIA,1
2025-12-29 12:44:21,10 gr,BELUM TERSEDIA,1
2025-12-29 12:45:40,0.5 gr,BELUM TERSEDIA,1
2025-12-29 12:45:40,1 gr,BELUM TERSEDIA,1
2025-12-29 12:45:40,2 gr,BELUM TERSEDIA,1
2025-12-29 12:45:40,3 gr,BELUM TERSEDIA,1
2025-12-29 12:45:40,5 gr,BELUM TERSEDIA,1
2025-12-29 12:45:40,10 gr,BELUM TERSEDIA,1
2025-12-29 12:47:02,0.5 gr,BELUM TERSEDIA,1
2025-12-29 12:47:02,1 gr,BELUM TERSEDIA,1
2025-12-29 12:47:02,2 gr,BELUM TERSEDIA,1
2025-12-29 12:47:02,3 gr,BELUM TERSEDIA,1
2025-12-29 12:47:02,5 gr,BELUM TERSEDIA,1
2025-12-29 12:47:02,10 gr,BELUM TERSEDIA,1
2025-12-29 12:48:42,0.5 gr,BELUM TERSEDIA,1
2025-12-29 12:48:42,1 gr,BELUM TERSEDIA,1
2025-12-29 12:48:42,2 gr,BELUM TERSEDIA,1
2025-12-29 12:48:42,3 gr,BELUM TERSEDIA,1
2025-12-29 12:48:42,5 gr,BELUM TERSEDIA,1
2025-12-29 12:48:42,10 gr,BELUM TERSEDIA,1
2025-12-29 12:50:07,0.5 gr,BELUM TERSEDIA,1
2025-12-29 12:50:07,1 gr,BELUM TERSEDIA,1
2025-12-29 12:50:07,2 gr,BELUM TERSEDIA,1
2025-12-29 12:50:07,3 gr,BELUM TERSEDIA,1
2025-12-29 12:50:07,5 gr,BELUM TERSEDIA,1
2025-12-29 12:50:07,10 gr,BELUM TERSEDIA,1
2025-12-29 12:51:49,0.5 gr,BELUM TERSEDIA,1
2025-12-29 12:51:49,1 gr,BELUM TERSEDIA,1
2025-12-29 12:51:49,2 gr,BELUM TERSEDIA,1
2025-12-29 12:51:49,3 gr,BELUM TERSEDIA,1
2025-12-29 12:51:49,5 gr,BELUM TERSEDIA,1
2025-12-29 12:51:49,10 gr,BELUM TERSEDIA,1
2025-12-29 12:53:22,0.5 gr,BELUM TERSEDIA,1
2025-12-29 12:53:22,1 gr,BELUM TERSEDIA,1
2025-12-29 12:53:22,2 gr,BELUM TERSEDIA,1
2025-12-29 12:53:22,3 gr,BELUM TERSEDIA,1
2025-12-29 12:53:22,5 gr,BELUM TERSEDIA,1
2025-12-29 12:53:22,10 gr,BELUM TERSEDIA,1
